-- phpMyAdmin SQL Dump
-- version 4.7.0
-- https://www.phpmyadmin.net/
--
-- Host: 127.0.0.1
-- Generation Time: Mar 01, 2022 at 10:21 PM
-- Server version: 10.1.19-MariaDB
-- PHP Version: 7.1.6

SET SQL_MODE = "NO_AUTO_VALUE_ON_ZERO";
SET AUTOCOMMIT = 0;
START TRANSACTION;
SET time_zone = "+00:00";


/*!40101 SET @OLD_CHARACTER_SET_CLIENT=@@CHARACTER_SET_CLIENT */;
/*!40101 SET @OLD_CHARACTER_SET_RESULTS=@@CHARACTER_SET_RESULTS */;
/*!40101 SET @OLD_COLLATION_CONNECTION=@@COLLATION_CONNECTION */;
/*!40101 SET NAMES utf8mb4 */;

--
-- Database: `sik`
--

-- --------------------------------------------------------

--
-- Table structure for table `anamnesa`
--

CREATE TABLE `anamnesa` (
  `id_daftar` varchar(10) NOT NULL,
  `tanggal` varchar(10) NOT NULL,
  `id_pasien` varchar(10) DEFAULT NULL,
  `pasien` varchar(100) DEFAULT NULL,
  `tgl_lahir` varchar(10) NOT NULL,
  `keluhan` varchar(100) DEFAULT NULL,
  `alergi` varchar(100) NOT NULL,
  `sekarang` varchar(100) DEFAULT NULL,
  `dahulu` varchar(100) DEFAULT NULL,
  `keluarga` varchar(100) DEFAULT NULL,
  `darah` varchar(100) DEFAULT NULL,
  `nadi` varchar(100) DEFAULT NULL,
  `suhu` varchar(100) DEFAULT NULL,
  `spo` varchar(100) DEFAULT NULL,
  `berat` varchar(100) DEFAULT NULL,
  `tinggi` varchar(100) DEFAULT NULL,
  `user` varchar(100) DEFAULT NULL
) ENGINE=InnoDB DEFAULT CHARSET=utf8mb4;

--
-- Dumping data for table `anamnesa`
--

INSERT INTO `anamnesa` (`id_daftar`, `tanggal`, `id_pasien`, `pasien`, `tgl_lahir`, `keluhan`, `alergi`, `sekarang`, `dahulu`, `keluarga`, `darah`, `nadi`, `suhu`, `spo`, `berat`, `tinggi`, `user`) VALUES
('12', '2022-02-26', '100001', 'Ammar Yasar', '1997-02-01', 'Sakit di bagian belakang kepala', '', '-', 'Migrain', '-', '10', '10', '10', '10', '10', '10', 'Aminah Mutmainnah'),
('13', '2022-02-26', '100002', 'Habibah', '2010-01-29', 'Demam, Muntah, Mencret', '', '-', '-', '-', '10', '66', '10', '88', '10', '66', 'Aminah Mutmainnah'),
('14', '2022-02-26', '100003', 'Ruqoyah', '1989-05-28', 'Mual, Nyeri', '', '-', '-', '-', '55', '66', '33', '10', '99', '66', 'Aminah Mutmainnah'),
('15', '2022-02-26', '100004', 'Asep Syamsudin', '2000-02-01', 'Demam, Muntah, Mencret', '', '-', '-', '-', '10', '10', '10', '10', '10', '10', 'Aminah Mutmainnah'),
('16', '2022-02-26', '100005', 'Haidar Alfaruq', '2004-01-29', 'Sakit di bagian belakang kepala', '', '-', '-', '-', '10', '10', '10', '10', '10', '10', 'Aminah Mutmainnah'),
('17', '2022-02-26', '100001', 'Ammar Yasar', '1997-02-01', 'Meriang', '', '-', '-', '-', '12', '12', '12', '12', '12', '12', 'Aminah Mutmainnah'),
('18', '2022-02-26', '100004', 'Asep Syamsudin', '2000-02-01', 'Demam', '', '-', '-', '-', '12', '12', '12', '12', '12', '12', 'Aminah Mutmainnah'),
('19', '2022-02-26', '100002', 'Habibah', '2010-01-29', 'Demam', '', '-', '-', '-', '12', '12', '12', '12', '12', '12', 'Aminah Mutmainnah'),
('20', '2022-02-27', '100005', 'Haidar Alfaruq', '2004-01-29', 'Demam', 'Paracetamol', '-', '-', '-', '12', '12', '12', '12', '12', '12', 'Aminah Mutmainnah'),
('21', '2022-02-27', '100003', 'Ruqoyah', '1989-05-28', 'Meriang', '', '-', '-', '-', '12', '12', '12', '12', '12', '12', 'Aminah Mutmainnah'),
('22', '2022-02-27', '100004', 'Asep Syamsudin', '2000-02-01', 'Meriang', '', '-', '-', '-', '12', '12', '12', '12', '12', '12', 'Aminah Mutmainnah'),
('23', '2022-02-27', '100003', 'Ruqoyah', '1989-05-28', 'Meriang', '', '-', '-', '-', '12', '12', '12', '12', '12', '12', 'Aminah Mutmainnah'),
('24', '2022-02-27', '100005', 'Haidar Alfaruq', '2004-01-29', 'Meriang', '', '-', '-', '-', '12', '12', '12', '12', '12', '12', 'Aminah Mutmainnah'),
('25', '2022-02-27', '100004', 'Asep Syamsudin', '2000-02-01', 'Meriang', '', '-', '-', '-', '12', '12', '12', '12', '12', '12', 'Aminah Mutmainnah'),
('26', '2022-02-27', '100001', 'Ammar Yasar', '1997-02-01', 'Demam', '-', '-', '-', '-', '120/80 mmHg', '80 x/m', '37 c', '100 %', '12 ', '12', 'Aminah Mutmainnah'),
('27', '2022-02-27', '100004', 'Asep Syamsudin', '2000-02-01', '-', '-', '-', '-', '-', '12', '12', '12', '12', '12', '12', 'Abdul Aziz Abu Kafa'),
('28', '2022-02-27', '100002', 'Habibah', '2010-01-29', '-', '-', '-', '-', '-', '12', '12', '12', '12', '12', '12', 'Abdul Aziz Abu Kafa'),
('29', '2022-02-27', '100003', 'Ruqoyah', '1989-05-28', 'Demam', 'Paracetamol', '-', '-', '-', '80/100', '80', '120', '100', '55', '67', 'Aminah Mutmainnah'),
('32', '2022-03-01', '100002', 'Habibah', '2010-01-29', 'Cek Kehamilan', '-', '-', '-', '-', '80/100', '80', '120', '100', '55', '67', 'Abdul Aziz Abu Kafa'),
('33', '2022-03-01', '100003', 'Ruqoyah', '1989-05-28', 'Demam, Batuk, Flu', '-', '-', '-', '-', '100/80', '80', '120', '100', '56', '156', 'Abdul Aziz Abu Kafa'),
('34', '2022-03-01', '100001', 'Ammar Yasar', '1997-02-01', 'Luka tidak sembuh', '-', '-', '-', '-', '120/80', '84', '36.6', '98', '60', '170', 'Aminah Mutmainnah'),
('35', '2022-03-01', '100006', 'Santi', '2019-01-01', 'Demam pusing', 'Amoxylin', '-', '-', '-', '130/80', '87', '36.2', '98', '53', '150', 'Fatimah, S.Tr.Keb'),
('36', '2022-03-01', '100005', 'Haidar Alfaruq', '2004-01-29', 'Hjjk', '-', '-', '-', '-', '134', '23', '23', '99', '55', '133', 'Dr. Ibnu Rusydi');

-- --------------------------------------------------------

--
-- Table structure for table `biaya`
--

CREATE TABLE `biaya` (
  `id` varchar(11) NOT NULL,
  `biaya` varchar(100) DEFAULT NULL,
  `jenis` varchar(100) DEFAULT NULL,
  `satuan` varchar(100) DEFAULT NULL,
  `tarif` varchar(100) DEFAULT NULL,
  `ket` varchar(100) NOT NULL,
  `note` varchar(100) DEFAULT NULL,
  `user` varchar(100) NOT NULL
) ENGINE=InnoDB DEFAULT CHARSET=utf8mb4;

--
-- Dumping data for table `biaya`
--

INSERT INTO `biaya` (`id`, `biaya`, `jenis`, `satuan`, `tarif`, `ket`, `note`, `user`) VALUES
('DISC', 'Potongan', '-', '-', '0', 'Potongan Biaya', '', 'Abdul Aziz Abu Kafa'),
('JSP0001', 'Jasa Pemeriksaan', 'RAWAT JALAN', 'kali', '60000', 'Jasa Pemeriksaan Flat', '-', 'Abdul Aziz Abu Kafa'),
('LAB001', 'Urine Lengkap', 'LABORATORIUM', 'kali', '25000', 'Pemeriksaan Urine Lengkap', '', 'Abdul Aziz Abu Kafa'),
('LAB002', 'Feses Lengkap', 'LABORATORIUM', 'kali', '25000', 'Pemeriksaan Feses Lengkap', '', 'Abdul Aziz Abu Kafa'),
('LAB003', 'Hematologi Rutin', 'LABORATORIUM', 'kali', '80000', 'Pemeriksaan Hematologi Rutin (Hemoglobin, Hematokrit, Lekosit, Trombosit)', '', 'Abdul Aziz Abu Kafa'),
('LAB004', 'Hemoglobin', 'LABORATORIUM', 'kali', '25000', 'Pemeriksaan Hemoglobin', '', 'Abdul Aziz Abu Kafa'),
('LAB005', 'Leukosit', 'LABORATORIUM', 'kali', '25000', 'Pemeriksaan Leukosit', '', 'Abdul Aziz Abu Kafa'),
('LAB006', 'Diff Count', 'LABORATORIUM', 'kali', '20000', 'Pemeriksaan Diff Count', '', 'Abdul Aziz Abu Kafa'),
('LAB007', 'Eritrosit', 'LABORATORIUM', 'kali', '20000', 'Pemeriksaan Eritrosit', '', 'Abdul Aziz Abu Kafa'),
('LAB008', 'Trombosit', 'LABORATORIUM', 'kali', '20000', 'Pemeriksaan Trombosit', '', 'Abdul Aziz Abu Kafa'),
('LAB009', 'Hematokrit', 'LABORATORIUM', 'kali', '20000', 'Pemeriksaan Hematokrit', '', 'Abdul Aziz Abu Kafa'),
('LAB010', 'LED/BSE', 'LABORATORIUM', 'kali', '20000', 'Pemeriksaan LED/BSE', '', 'Abdul Aziz Abu Kafa'),
('LAB011', 'Waktu Perdarahan/BT', 'LABORATORIUM', 'kali', '10000', 'Pemeriksaan Waktu Perdarahan/BT', '', 'Abdul Aziz Abu Kafa'),
('LAB012', 'Waktu Pembekuan/CT', 'LABORATORIUM', 'kali', '10000', 'Pemeriksaan Waktu Pembekuan/CT', '', 'Abdul Aziz Abu Kafa'),
('LAB013', 'Morfologi Darah', 'LABORATORIUM', 'kali', '100000', 'Pemeriksaan Morfologi Darah', '', 'Abdul Aziz Abu Kafa'),
('LAB014', 'Malaria', 'LABORATORIUM', 'kali', '75000', 'Pemeriksaan Malaria', '', 'Abdul Aziz Abu Kafa'),
('LAB015', 'Golongan Darah', 'LABORATORIUM', 'kali', '25000', 'Pemeriksaan Golongan Darah', '', 'Abdul Aziz Abu Kafa'),
('LAB016', 'Glukosa Darah', 'LABORATORIUM', 'kali', '25000', 'Pemeriksaan Glukosa Darah', '', 'Abdul Aziz Abu Kafa'),
('LAB017', 'HBA1c', 'LABORATORIUM', 'kali', '150000', 'Pemeriksaan HBA1c', '', 'Abdul Aziz Abu Kafa'),
('LAB018', 'Kolesterol Total', 'LABORATORIUM', 'kali', '30000', 'Pemeriksaan Kolesterol Total', '', 'Abdul Aziz Abu Kafa'),
('LAB019', 'HDL Kolesterol', 'LABORATORIUM', 'kali', '30000', 'Pemeriksaan HDL Kolesterol', '', 'Abdul Aziz Abu Kafa'),
('LAB020', 'LDL Kolesterol', 'LABORATORIUM', 'kali', '20000', 'Pemeriksaan LDL Kolesterol', '', 'Abdul Aziz Abu Kafa'),
('LAB021', 'Trigliserida', 'LABORATORIUM', 'kali', '35000', 'Pemeriksaan Trigliserida', '', 'Abdul Aziz Abu Kafa'),
('LAB022', 'Asam Urat', 'LABORATORIUM', 'kali', '30000', 'Pemeriksaan Asam Urat', '', 'Abdul Aziz Abu Kafa'),
('LAB023', 'CK-MB', 'LABORATORIUM', 'kali', '150000', 'Pemeriksaan CK-MB', '', 'Abdul Aziz Abu Kafa'),
('LAB024', 'Protein Total/Albumin/Globulin', 'LABORATORIUM', 'kali', '85000', 'Pemeriksaan Protein Total/Albumin/Globulin', '', 'Abdul Aziz Abu Kafa'),
('LAB025', 'Bilirubin', 'LABORATORIUM', 'kali', '80000', 'Pemeriksaan Bilirubin', '', 'Abdul Aziz Abu Kafa'),
('LAB026', 'SGOT', 'LABORATORIUM', 'kali', '30000', 'Pemeriksaan SGOT', '', 'Abdul Aziz Abu Kafa'),
('LAB027', 'SGPT', 'LABORATORIUM', 'kali', '30000', 'Pemeriksaan SGPT', '', 'Abdul Aziz Abu Kafa'),
('LAB028', 'Ureum', 'LABORATORIUM', 'kali', '30000', 'Pemeriksaan Ureum', '', 'Abdul Aziz Abu Kafa'),
('LAB029', 'Kreatinin', 'LABORATORIUM', 'kali', '30000', 'Pemeriksaan Kreatinin', '', 'Abdul Aziz Abu Kafa'),
('LAB030', 'Gamma-GT', 'LABORATORIUM', 'kali', '50000', 'Pemeriksaan Gamma-GT', '', 'Abdul Aziz Abu Kafa'),
('LAB031', 'Alkali Posphatase', 'LABORATORIUM', 'kali', '60000', 'Pemeriksaan Alkali Posphatase', '', 'Abdul Aziz Abu Kafa'),
('LAB032', 'HBsAg', 'LABORATORIUM', 'kali', '75000', 'Pemeriksaan HBsAg', '', 'Abdul Aziz Abu Kafa'),
('LAB033', 'HCV', 'LABORATORIUM', 'kali', '100000', 'Pemeriksaan HCV', '', 'Abdul Aziz Abu Kafa'),
('LAB034', 'HAV Igm', 'LABORATORIUM', 'kali', '150000', 'Pemeriksaan HAV Igm', '', 'Abdul Aziz Abu Kafa'),
('LAB035', 'Anti HBs', 'LABORATORIUM', 'kali', '150000', 'Pemeriksaan Anti HBs', '', 'Abdul Aziz Abu Kafa'),
('LAB036', 'CEA', 'LABORATORIUM', 'kali', '200000', 'Pemeriksaan CEA', '', 'Abdul Aziz Abu Kafa'),
('LAB037', 'T3', 'LABORATORIUM', 'kali', '275000', 'Pemeriksaan T3', '', 'Abdul Aziz Abu Kafa'),
('LAB038', 'T4 (Thyroxine)', 'LABORATORIUM', 'kali', '275000', 'Pemeriksaan T4 (Thyroxine)', '', 'Abdul Aziz Abu Kafa'),
('LAB039', 'TSHs', 'LABORATORIUM', 'kali', '300000', 'Pemeriksaan TSHs', '', 'Abdul Aziz Abu Kafa'),
('LAB040', 'Anti-HIV', 'LABORATORIUM', 'kali', '50000', 'Pemeriksaan Anti-HIV', '', 'Abdul Aziz Abu Kafa'),
('LAB041', 'DHF IgG/IgM', 'LABORATORIUM', 'kali', '200000', 'Pemeriksaan DHF IgG/IgM', '', 'Abdul Aziz Abu Kafa'),
('LAB042', 'Dengue NS1', 'LABORATORIUM', 'kali', '225000', 'Pemeriksaan Dengue NS1', '', 'Abdul Aziz Abu Kafa'),
('LAB043', 'ICT-TB (Hexagon)', 'LABORATORIUM', 'kali', '175000', 'Pemeriksaan ICT-TB (Hexagon)', '', 'Abdul Aziz Abu Kafa'),
('LAB044', 'BTA Sputum', 'LABORATORIUM', 'kali', '25000', 'Pemeriksaan BTA Sputum', '', 'Abdul Aziz Abu Kafa'),
('LAB045', 'Natrium', 'LABORATORIUM', 'kali', '150000', 'Pemeriksaan Natrium', '', 'Abdul Aziz Abu Kafa'),
('LAB046', 'Kalium', 'LABORATORIUM', 'kali', '', 'Pemeriksaan Kalium', '', 'Abdul Aziz Abu Kafa'),
('LAB047', 'Kalsium', 'LABORATORIUM', 'kali', '', 'Pemeriksaan Kalsium', '', 'Abdul Aziz Abu Kafa'),
('LAB048', 'Klorida', 'LABORATORIUM', 'kali', '', 'Pemeriksaan Klorida', '', 'Abdul Aziz Abu Kafa'),
('LAB049', 'Widal', 'LABORATORIUM', 'kali', '50000', 'Pemeriksaan Widal', '', 'Abdul Aziz Abu Kafa'),
('LAB050', 'CRP', 'LABORATORIUM', 'kali', '90000', 'Pemeriksaan CRP', '', 'Abdul Aziz Abu Kafa'),
('LAB051', 'RA-Test', 'LABORATORIUM', 'kali', '90000', 'Pemeriksaan RA-Test', '', 'Abdul Aziz Abu Kafa'),
('LAB052', 'ASTO', 'LABORATORIUM', 'kali', '50000', 'Pemeriksaan ASTO', '', 'Abdul Aziz Abu Kafa'),
('LAB053', 'VDRL', 'LABORATORIUM', 'kali', '50000', 'Pemeriksaan VDRL', '', 'Abdul Aziz Abu Kafa'),
('LAB054', 'Sifilis', 'LABORATORIUM', 'kali', '75000', 'Pemeriksaan Sifilis', '', 'Abdul Aziz Abu Kafa'),
('LAB055', 'Tubex', 'LABORATORIUM', 'kali', '225000', 'Pemeriksaan Tubex', '', 'Abdul Aziz Abu Kafa'),
('LAB056', 'Salmonella IgG IgM', 'LABORATORIUM', 'kali', '160000', 'Pemeriksaan Salmonella IgG IgM', '', 'Abdul Aziz Abu Kafa'),
('LAB057', 'Tes Kehamilan', 'LABORATORIUM', 'kali', '25000', 'Pemeriksaan Tes Kehamilan', '', 'Abdul Aziz Abu Kafa'),
('LAB058', 'PPD tes', 'LABORATORIUM', 'kali', '150000', 'Pemeriksaan PPD tes', '', 'Abdul Aziz Abu Kafa'),
('LAB059', 'Narkoba', 'LABORATORIUM', 'kali', '110000', 'Pemeriksaan Narkoba', '', 'Abdul Aziz Abu Kafa'),
('LAB060', 'Swab Antigen', 'LABORATORIUM', 'kali', '99000', 'Pemeriksaan Swab Antigen', '', 'Abdul Aziz Abu Kafa');

-- --------------------------------------------------------

--
-- Table structure for table `daftar`
--

CREATE TABLE `daftar` (
  `id` int(11) NOT NULL,
  `tanggal` varchar(10) DEFAULT NULL,
  `id_pasien` varchar(10) DEFAULT NULL,
  `pasien` varchar(100) DEFAULT NULL,
  `tgl_lahir` varchar(10) DEFAULT NULL,
  `jk` varchar(10) DEFAULT NULL,
  `alamat` varchar(100) DEFAULT NULL,
  `kel` varchar(50) NOT NULL,
  `kec` varchar(50) NOT NULL,
  `kota` varchar(50) NOT NULL,
  `keluhan` varchar(100) DEFAULT NULL,
  `poli` varchar(100) DEFAULT NULL,
  `jenis` varchar(100) DEFAULT NULL,
  `kasus` varchar(100) DEFAULT NULL,
  `cara` varchar(100) DEFAULT NULL,
  `bayar` varchar(100) DEFAULT NULL,
  `status` varchar(10) NOT NULL,
  `lanjut` varchar(100) DEFAULT NULL,
  `note` varchar(100) DEFAULT NULL,
  `user` varchar(100) DEFAULT NULL
) ENGINE=InnoDB DEFAULT CHARSET=utf8mb4;

--
-- Dumping data for table `daftar`
--

INSERT INTO `daftar` (`id`, `tanggal`, `id_pasien`, `pasien`, `tgl_lahir`, `jk`, `alamat`, `kel`, `kec`, `kota`, `keluhan`, `poli`, `jenis`, `kasus`, `cara`, `bayar`, `status`, `lanjut`, `note`, `user`) VALUES
(12, '2022-02-26', '100001', 'Ammar Yasar', '1997-02-01', 'Laki-laki', 'Jln. Cikurubuk No. 201 Tasikmalaya', 'Babakan', 'Cikurubuk', 'Tasikmalaya', 'Sakit Kepala', 'Umum', 'Baru', 'Lama', 'Datang Sendiri', 'Umum', 'Aminah Mut', 'Pulang', '-', 'Abdul Aziz Abu Kafa'),
(13, '2022-02-26', '100002', 'Habibah', '2010-01-29', 'Perempuan', 'Jln. Kujang No. 20B', 'Karangsari', 'Cikoneng', 'Ciamis', 'Sakit Perut', 'Umum', 'Lama', 'Baru', 'Datang Sendiri', 'Umum', 'Aminah Mut', '-', '-', 'Ramlah Mardiyah'),
(14, '2022-02-26', '100003', 'Ruqoyah', '1989-05-28', 'Perempuan', 'Jln. Cihideung No. 701', 'Tanjakan', 'Cihideung', 'Tasikmalaya', 'Nyeri di bagian Perut', 'KIA', 'Lama', 'Lama', 'Datang Sendiri', 'Umum', 'Aminah Mut', '-', '-', 'Ramlah Mardiyah'),
(15, '2022-02-26', '100004', 'Asep Syamsudin', '2000-02-01', 'Laki-laki', 'Jln. Cipeuti No. 69', 'Cipeuti', 'Cipedes', 'Tasikmalaya', 'Demam, Mual', 'Umum', 'Baru', 'Baru', 'Datang Sendiri', 'Umum', 'Aminah Mut', '-', '-', 'Abdul Aziz Abu Kafa'),
(16, '2022-02-26', '100005', 'Haidar Alfaruq', '2004-01-29', 'Laki-laki', 'Jln. Cikurubuk No. 201 ', 'Tanjakan', 'Cikurubuk', 'Tasikmalaya', 'Sakit Kepala', 'Hypnotherapy', 'Baru', 'Baru', 'Datang Sendiri', 'Umum', 'Abdul Aziz', '-', '-', 'Ramlah Mardiyah'),
(17, '2022-02-26', '100001', 'Ammar Yasar', '1997-02-01', 'Laki-laki', 'Jln. Cikurubuk No. 201 ', 'Babakan', 'Cikurubuk', 'Tasikmalaya', 'Pegal dan Letih', 'Umum', 'Baru', 'Lama', 'Datang Sendiri', 'Umum', 'Aminah Mut', '-', '-', 'Abdul Aziz Abu Kafa'),
(18, '2022-02-26', '100004', 'Asep Syamsudin', '2000-02-01', 'Laki-laki', 'Jln. Cipeuti No. 69', 'Rendeh', 'Cikoneng', 'Ciamis', 'Batuk, Demam', 'Umum', 'Baru', 'Baru', 'lainnya', 'Umum', 'Aminah Mut', '-', '-', 'Abdul Aziz Abu Kafa'),
(19, '2022-02-26', '100002', 'Habibah', '2010-01-29', 'Perempuan', 'Jln. Kujang No. 20B', 'Karangsari', 'Cikoneng', 'Ciamis', 'Mual, Pusing', 'KIA', 'Lama', '0', 'Datang Sendiri', 'Umum', '', '-', '-', 'Abdul Aziz Abu Kafa'),
(20, '2022-02-27', '100005', 'Haidar Alfaruq', '2004-01-29', 'Laki-laki', 'Jln. Cikurubuk No. 201 ', 'Karangsari', 'Cikurubuk', 'Tasikmalaya', 'Batuk, Demam', 'Hypnotherapy', 'Lama', 'Baru', 'Datang Sendiri', 'Umum', '', '-', '-', 'Abdul Aziz Abu Kafa'),
(21, '2022-02-27', '100003', 'Ruqoyah', '1989-05-28', 'Perempuan', 'Jln. Cihideung No. 701', 'Cibodas', 'Cihideung', 'Tasikmalaya', 'Mual, Pusing', 'KIA', 'Lama', 'Baru', 'Datang Sendiri', 'Gratis', 'Aminah Mut', '-', '-', 'Abdul Aziz Abu Kafa'),
(22, '2022-02-27', '100004', 'Asep Syamsudin', '2000-02-01', 'Laki-laki', 'Jln. Cipeuti No. 69', 'Rendeh', 'Cikoneng', 'Ciamis', 'Batuk, Demam', 'Umum', 'Baru', 'Baru', 'Datang Sendiri', 'Umum', 'Aminah Mut', '-', '-', 'Abdul Aziz Abu Kafa'),
(23, '2022-02-27', '100003', 'Ruqoyah', '1989-05-28', 'Perempuan', 'Jln. Cihideung No. 701', 'Cibodas', 'Cihideung', 'Tasikmalaya', 'Demam, Meriang', 'Umum', 'Baru', 'Lama', 'Datang Sendiri', 'Umum', 'Aminah Mut', '-', '-', 'Abdul Aziz Abu Kafa'),
(24, '2022-02-27', '100005', 'Haidar Alfaruq', '2004-01-29', 'Laki-laki', 'Jln. Cikurubuk No. 201 ', 'Karangsari', 'Cikurubuk', 'Tasikmalaya', 'Batuk Flu', 'Umum', 'Baru', 'Lama', 'Datang Sendiri', 'Umum', 'Aminah Mut', '-', '-', 'Abdul Aziz Abu Kafa'),
(25, '2022-02-27', '100004', 'Asep Syamsudin', '2000-02-01', 'Laki-laki', 'Jln. Cipeuti No. 69', 'Rendeh', 'Cikoneng', 'Ciamis', 'Flu, Meriang', 'Umum', 'Baru', 'Lama', 'Datang Sendiri', 'Umum', 'Aminah Mut', '-', '-', 'Abdul Aziz Abu Kafa'),
(26, '2022-02-27', '100001', 'Ammar Yasar', '1997-02-01', 'Laki-laki', 'Jln. Cikurubuk No. 201 ', 'Babakan', 'Cikurubuk', 'Tasikmalaya', 'Batuk, Demam', 'KIA', 'Baru', 'Baru', 'Datang Sendiri', 'Umum', 'Aminah Mut', '-', '-', 'Ramlah Mardiyah'),
(27, '2022-02-27', '100004', 'Asep Syamsudin', '2000-02-01', 'Laki-laki', 'Jln. Cipeuti No. 69', 'Rendeh', 'Cikoneng', 'Ciamis', '', 'KIA', 'Lama', 'Baru', '-', '-', '', '.. pilih', '', 'Ramlah Mardiyah'),
(28, '2022-02-27', '100002', 'Habibah', '2010-01-29', 'Perempuan', 'Jln. Kujang No. 20B', 'Karangsari', 'Cikoneng', 'Ciamis', '', 'Umum', 'Lama', '0', '-', '-', 'Abdul Aziz', 'Pulang', '', 'Ramlah Mardiyah'),
(29, '2022-02-27', '100003', 'Ruqoyah', '1989-05-28', 'Perempuan', 'Jln. Cihideung No. 701', 'Cibodas', 'Cihideung', 'Tasikmalaya', '-', 'Hypnotherapy', 'Lama', '-', '-', '-', '', '-', '', 'Ramlah Mardiyah'),
(30, '2022-02-27', '100004', 'Asep Syamsudin', '2000-02-01', 'Laki-laki', 'Jln. Cipeuti No. 69', 'Rendeh', 'Cikoneng', 'Ciamis', '-', '-', 'Lama', '-', '-', '-', '', '-', '', 'Abdul Aziz Abu Kafa'),
(31, '2022-02-27', '100002', 'Habibah', '2010-01-29', 'Perempuan', 'Jln. Kujang No. 20B', 'Karangsari', 'Cikoneng', 'Ciamis', '-', '-', 'Lama', 'Lama', '-', '-', '', 'Dirujuk', '', 'Abdul Aziz Abu Kafa'),
(32, '2022-02-28', '100002', 'Habibah', '2010-01-29', 'Perempuan', 'Jln. Kujang No. 20B', 'Karangsari', 'Cikoneng', 'Ciamis', '-', 'KIA', 'Lama', 'Baru', 'Datang Sendiri', 'Umum', 'Abdul Aziz', 'Pulang', '-', 'Abdul Aziz Abu Kafa'),
(33, '2022-02-28', '100003', 'Ruqoyah', '1989-05-28', 'Perempuan', 'Jln. Cihideung No. 701', 'Cibodas', 'Cihideung', 'Tasikmalaya', '-', 'Umum', 'Lama', 'Baru', 'Datang Sendiri', 'Umum', 'Abdul Aziz', '.. pilih', '-', 'Abdul Aziz Abu Kafa'),
(34, '2022-03-01', '100001', 'Ammar Yasar', '1997-02-01', 'Laki-laki', 'Jln. Cikurubuk No. 201 ', 'Babakan', 'Cikurubuk', 'Tasikmalaya', '-', 'Umum', 'Lama', 'Baru', '-', '-', 'Aminah Mut', '.. pilih', '', 'Ramlah Mardiyah'),
(35, '2022-03-01', '100006', 'Santi', '2019-01-01', 'Perempuan', 'Cikurubuk 1/1', 'Linggajaya', 'Mangkubumi', 'Tasikmalaya', '-', 'Umum', 'Baru', 'Baru', 'Datang Sendiri', 'Umum', 'Aminah Mut', 'Pulang', '', 'Ramlah Mardiyah'),
(36, '2022-03-01', '100005', 'Haidar Alfaruq', '2004-01-29', 'Laki-laki', 'Jln. Cikurubuk No. 201 ', 'Karangsari', 'Cikurubuk', 'Tasikmalaya', '-', 'Umum', 'Lama', 'Baru', 'Datang Sendiri', 'Umum', '', 'Pulang', '', 'Ramlah Mardiyah');

-- --------------------------------------------------------

--
-- Table structure for table `icd10`
--

CREATE TABLE `icd10` (
  `id` int(11) NOT NULL,
  `chapter` varchar(300) NOT NULL,
  `group` varchar(300) NOT NULL,
  `code` varchar(50) NOT NULL,
  `description` varchar(300) NOT NULL,
  `category` varchar(300) NOT NULL,
  `user` varchar(50) NOT NULL
) ENGINE=InnoDB DEFAULT CHARSET=latin1;

--
-- Table structure for table `keluar`
--

CREATE TABLE `keluar` (
  `id` int(11) NOT NULL,
  `tanggal` varchar(10) DEFAULT NULL,
  `id_pasien` varchar(100) NOT NULL,
  `id_obat` varchar(10) DEFAULT NULL,
  `obat` varchar(100) DEFAULT NULL,
  `jenis` varchar(100) NOT NULL,
  `harga` varchar(100) DEFAULT NULL,
  `qty` varchar(100) DEFAULT NULL,
  `jumlah` varchar(100) DEFAULT NULL,
  `note` varchar(100) DEFAULT NULL,
  `user` varchar(100) DEFAULT NULL
) ENGINE=InnoDB DEFAULT CHARSET=utf8mb4;

--
-- Dumping data for table `keluar`
--

INSERT INTO `keluar` (`id`, `tanggal`, `id_pasien`, `id_obat`, `obat`, `jenis`, `harga`, `qty`, `jumlah`, `note`, `user`) VALUES
(2, '2022-02-15', '-', 'F1002', 'Sanmol', 'Paracetamol', '10000', '7', '70000', '-', 'Abdul Aziz Abu Kafa'),
(3, '2022-02-15', '-', 'F1002', 'Sanmol', 'Paracetamol', '10000', '1', '10000', '-', 'Abdul Aziz Abu Kafa'),
(4, '2022-02-15', '-', 'F1002', 'Sanmol', 'Paracetamol', '10000', '1', '10000', '-', 'Abdul Aziz Abu Kafa'),
(5, '2022-02-15', '-', 'F1009', 'Amol', 'Paracetamol', '10000', '2', '20000', '-', 'Abdul Aziz Abu Kafa'),
(6, '2022-02-15', '-', 'F1001', 'Amoxilin', 'Antibiotik', '10000', '7', '70000', '-', 'Abdul Aziz Abu Kafa'),
(7, '2022-02-15', '-', 'F1001', 'Amoxilin', 'Antibiotik', '35000', '2', '70000', '-', 'Abdul Aziz Abu Kafa'),
(8, '2022-03-01', '-', 'ROBTTAB94', 'Resep Tab TeraF', 'PARACETAMOL650MG GUAIFENESINE50MG PHENYLPROPANOLAMINE15MG CHLORPHENAMINEMALEAT2MG', '700', '10', '7000', '', 'Fatimah Alfihri');

-- --------------------------------------------------------

--
-- Table structure for table `masuk`
--

CREATE TABLE `masuk` (
  `id` int(11) NOT NULL,
  `tanggal` varchar(10) DEFAULT NULL,
  `id_obat` varchar(10) DEFAULT NULL,
  `obat` varchar(100) DEFAULT NULL,
  `jenis` varchar(100) NOT NULL,
  `harga` varchar(100) DEFAULT NULL,
  `qty` varchar(100) DEFAULT NULL,
  `jumlah` varchar(100) DEFAULT NULL,
  `note` varchar(100) DEFAULT NULL,
  `user` varchar(100) DEFAULT NULL
) ENGINE=InnoDB DEFAULT CHARSET=utf8mb4;

--
-- Dumping data for table `masuk`
--

INSERT INTO `masuk` (`id`, `tanggal`, `id_obat`, `obat`, `jenis`, `harga`, `qty`, `jumlah`, `note`, `user`) VALUES
(27, '2022-03-01', 'ROBTTAB94', 'Resep Tab TeraF', 'PARACETAMOL650MG GUAIFENESINE50MG PHENYLPROPANOLAMINE15MG CHLORPHENAMINEMALEAT2MG', '200', '1000', '200000', '-', 'Abdul Aziz Abu Kafa'),
(28, '2022-03-01', 'ROBTTAB395', 'Resep Tab CaviplexCDEZ', 'VITAMIN', '200', '1000', '200000', '-', 'Abdul Aziz Abu Kafa');

-- --------------------------------------------------------

--
-- Table structure for table `notifikasi`
--

CREATE TABLE `notifikasi` (
  `kode` varchar(10) NOT NULL,
  `pesan` varchar(100) NOT NULL
) ENGINE=InnoDB DEFAULT CHARSET=latin1;

-- --------------------------------------------------------

--
-- Table structure for table `obat`
--

CREATE TABLE `obat` (
  `id` varchar(11) NOT NULL,
  `obat` varchar(100) DEFAULT NULL,
  `jenis` varchar(100) DEFAULT NULL,
  `satuan` varchar(100) DEFAULT NULL,
  `harga` varchar(100) DEFAULT NULL,
  `stok` int(11) DEFAULT NULL,
  `minim` int(11) NOT NULL,
  `note` varchar(100) DEFAULT NULL,
  `user` varchar(100) NOT NULL
) ENGINE=InnoDB DEFAULT CHARSET=utf8mb4;

--
-- Dumping data for table `obat`
--

INSERT INTO `obat` (`id`, `obat`, `jenis`, `satuan`, `harga`, `stok`, `minim`, `note`, `user`) VALUES
('RB01', 'Resep Ruangan Bed1', '', '', '300000', 0, 0, '', 'Abdul Aziz Abu Kafa'),
('RB02', 'Resep Ruangan Bed2', '', '', '250000', 0, 0, '', 'Abdul Aziz Abu Kafa'),
('RB03', 'Resep Ruangan Bed3', '', '', '200000', 0, 0, '', 'Abdul Aziz Abu Kafa'),
('RJSA01', 'Resep Lab PeriksaGDS', '', '', '20000', 0, 0, '', 'Abdul Aziz Abu Kafa'),
('RJSA02', 'Resep Lab PeriksaHB', '', '', '30000', 0, 0, '', 'Abdul Aziz Abu Kafa'),
('RJSA03', 'Resep Jasa PelayananKlinik', '', '', '25000', 0, 0, '', 'Abdul Aziz Abu Kafa'),
('RJSA04', 'Resep Jasa PelayananMedis', '', '', '25000', 0, 0, '', 'Abdul Aziz Abu Kafa'),
('RJSA05', 'Resep Jasa PelayananNonMedis', '', '', '50000', 0, 0, '', 'Abdul Aziz Abu Kafa'),
('RJSA06', 'Resep Jasa Visite', '', '', '40000', 0, 0, '', 'Abdul Aziz Abu Kafa'),
('ROBTAKS01', 'Resep Alkes HandScoonSteril7.5', '', '', '10000', 0, 0, '', 'Abdul Aziz Abu Kafa'),
('ROBTAKS02', 'Resep Alkes HandscoonBersih', '', '', '5000', 0, 0, '', 'Abdul Aziz Abu Kafa'),
('ROBTAKS03', 'Resep Alkes HandScoonSteril7', '', '', '10000', 0, 0, '', 'Abdul Aziz Abu Kafa'),
('ROBTAKS04', 'Resep Alkes HandScoonSteril6.5', '', '', '10000', 0, 0, '', 'Abdul Aziz Abu Kafa'),
('ROBTAKS05', 'Resep Alkes InfusetAnak', '', '', '20000', 0, 0, '', 'Abdul Aziz Abu Kafa'),
('ROBTAKS06', 'Resep Alkes InfusetDewasa', '', '', '20000', 0, 0, '', 'Abdul Aziz Abu Kafa'),
('ROBTAKS07', 'Resep Alkes OksigenLiter', '', '', '100', 0, 0, '', 'Abdul Aziz Abu Kafa'),
('ROBTAKS08', 'Resep Alkes PopokDewasa', '', '', '7000', 0, 0, '', 'Abdul Aziz Abu Kafa'),
('ROBTAKS09', 'Resep Alkes SelangKateter', '', '', '30000', 0, 0, '', 'Abdul Aziz Abu Kafa'),
('ROBTAKS10', 'Resep Alkes SelangNGT', '', '', '60000', 0, 0, '', 'Abdul Aziz Abu Kafa'),
('ROBTAKS11', 'Resep Alkes SelangOksigeMaskerAnak', '', '', '25000', 0, 0, '', 'Abdul Aziz Abu Kafa'),
('ROBTAKS12', 'Resep Alkes SelangOksigeMaskerDewasa', '', '', '25000', 0, 0, '', 'Abdul Aziz Abu Kafa'),
('ROBTAKS13', 'Resep Alkes SelangOksigenAnak', '', '', '20000', 0, 0, '', 'Abdul Aziz Abu Kafa'),
('ROBTAKS14', 'Resep Alkes SelangOksigenDewasa', '', '', '20000', 0, 0, '', 'Abdul Aziz Abu Kafa'),
('ROBTAKS15', 'Resep Alkes SelangOksigenNebuAnak', '', '', '30000', 0, 0, '', 'Abdul Aziz Abu Kafa'),
('ROBTAKS16', 'Resep Alkes SelangOksigenNebuDewasa', '', '', '30000', 0, 0, '', 'Abdul Aziz Abu Kafa'),
('ROBTAKS17', 'Resep Alkes Spuit0.05cc', '', '', '3000', 0, 0, '', 'Abdul Aziz Abu Kafa'),
('ROBTAKS18', 'Resep Alkes Spuit0.5cc', '', '', '3000', 0, 0, '', 'Abdul Aziz Abu Kafa'),
('ROBTAKS19', 'Resep Alkes Spuit10cc', '', '', '10000', 0, 0, '', 'Abdul Aziz Abu Kafa'),
('ROBTAKS20', 'Resep Alkes Spuit1cc', '', '', '3000', 0, 0, '', 'Abdul Aziz Abu Kafa'),
('ROBTAKS21', 'Resep Alkes Spuit20cc', '', '', '0', 0, 0, '', 'Abdul Aziz Abu Kafa'),
('ROBTAKS22', 'Resep Alkes Spuit3cc', '', '', '3000', 0, 0, '', 'Abdul Aziz Abu Kafa'),
('ROBTAKS23', 'Resep Alkes Spuit50cc', '', '', '0', 0, 0, '', 'Abdul Aziz Abu Kafa'),
('ROBTAKS24', 'Resep Alkes Spuit5cc', '', '', '5000', 0, 0, '', 'Abdul Aziz Abu Kafa'),
('ROBTAKS25', 'Resep Alkes Tranfusi', '', '', '25000', 0, 0, '', 'Abdul Aziz Abu Kafa'),
('ROBTAKS26', 'Resep Alkes UnderPad', '', '', '10000', 0, 0, '', 'Abdul Aziz Abu Kafa'),
('ROBTAKS27', 'Resep Alkes UrineBag', '', '', '10000', 0, 0, '', 'Abdul Aziz Abu Kafa'),
('ROBTAKS28', 'Resep Alkes Abocath18', '', '', '25000', 0, 0, '', 'Abdul Aziz Abu Kafa'),
('ROBTAKS29', 'Resep Alkes Abocath20', '', '', '25000', 0, 0, '', 'Abdul Aziz Abu Kafa'),
('ROBTAKS30', 'Resep Alkes Abocath22', '', '', '25000', 0, 0, '', 'Abdul Aziz Abu Kafa'),
('ROBTAKS31', 'Resep Alkes Abocath24', '', '', '25000', 0, 0, '', 'Abdul Aziz Abu Kafa'),
('ROBTAKS32', 'Resep Alkes Abocath26', '', '', '25000', 0, 0, '', 'Abdul Aziz Abu Kafa'),
('ROBTAKS33', 'Resep Alkes OkPlast', '', '', '500', 0, 0, '', 'Abdul Aziz Abu Kafa'),
('ROBTAKS34', 'Resep Alkes KassaSterilWacana', '', '', '10000', 0, 0, '', 'Abdul Aziz Abu Kafa'),
('ROBTAKS35', 'Resep Alkes ArmSling', '', '', '35000', 0, 0, '', 'Abdul Aziz Abu Kafa'),
('ROBTAKS36', 'Resep Alkes Dermafix10x25cm', '', '', '60000', 0, 0, '', 'Abdul Aziz Abu Kafa'),
('ROBTAKS37', 'Resep Alkes Dermafix5x7cm', '', '', '30000', 0, 0, '', 'Abdul Aziz Abu Kafa'),
('ROBTAKS38', 'Resep Alkes Dermafix10x12cm', '', '', '40000', 0, 0, '', 'Abdul Aziz Abu Kafa'),
('ROBTAKS39', 'Resep Alkes Bisturi', '', '', '5000', 0, 0, '', 'Abdul Aziz Abu Kafa'),
('ROBTAKS40', 'Resep Alkes Micropore', '', '', '20000', 0, 0, '', 'Abdul Aziz Abu Kafa'),
('ROBTAKS41', 'Resep Alkes Perban Elastis15x4.5cm', '', '', '80000', 0, 0, '', 'Abdul Aziz Abu Kafa'),
('ROBTAKS42', 'Resep Alkes Perban Elastis10x4.5cm', '', '', '70000', 0, 0, '', 'Abdul Aziz Abu Kafa'),
('ROBTAKS43', 'Resep Alkes Perban Elastis7.5x4.5cm', '', '', '65000', 0, 0, '', 'Abdul Aziz Abu Kafa'),
('ROBTAKS44', 'Resep Alkes KrukKetiakGEA1pcs', '', '', '150000', 0, 0, '', 'Abdul Aziz Abu Kafa'),
('ROBTAKS45', 'Resep Alkes KrukKetiakGEA2pcs', '', '', '235000', 0, 0, '', 'Abdul Aziz Abu Kafa'),
('ROBTAKS46', 'Resep Alkes TongkatK4GEA', '', '', '250000', 0, 0, '', 'Abdul Aziz Abu Kafa'),
('ROBTAKS47', 'Resep Alkes KassaKompresSteril40x40', '', '', '4000', 0, 0, '', 'Abdul Aziz Abu Kafa'),
('ROBTAKS48', 'Resep Alkes CelanaKhitan', '', '', '25000', 0, 0, '', 'Abdul Aziz Abu Kafa'),
('ROBTAKS49', 'Resep Alkes MaskerSekaliPakai`', '', '', '1000', 0, 0, '', 'Abdul Aziz Abu Kafa'),
('ROBTAKS50', 'Resep Alkes VaselinSwabLomatul10x10 / Supratul', '', '', '25000', 0, 0, '', 'Abdul Aziz Abu Kafa'),
('ROBTAKS51', 'Resep Alkes HansaplastRol', '', '', '6000', 0, 0, '', 'Abdul Aziz Abu Kafa'),
('ROBTAKS52', 'Resep Alkes CatgutPlain 3/0 2/0', '', '', '20000', 0, 0, '', 'Abdul Aziz Abu Kafa'),
('ROBTAKS53', 'Resep Alkes CatgutCromic 3/0 2/0', '', '', '20000', 0, 0, '', 'Abdul Aziz Abu Kafa'),
('ROBTAKS54', 'Resep Alkes Silk', '', '', '20000', 0, 0, '', 'Abdul Aziz Abu Kafa'),
('ROBTAKS55', 'Resep Alkes VoleyKatheter16', '', '', '35000', 0, 0, '', 'Abdul Aziz Abu Kafa'),
('ROBTAKS56', 'Resep Alkes VoleyKatheter18', '', '', '35000', 0, 0, '', 'Abdul Aziz Abu Kafa'),
('ROBTAKS57', 'Resep Alkes Dermafix 10x15', '', '', '50000', 0, 0, '', 'Abdul Aziz Abu Kafa'),
('ROBTAKS58', 'Resep Alkes Dermafix 6x8', '', '', '30000', 0, 0, '', 'Abdul Aziz Abu Kafa'),
('ROBTAKS59', 'Resep Alkes Nicolar', '', '', '520000', 0, 0, '', 'Abdul Aziz Abu Kafa'),
('ROBTAKS60', 'Resep Alkes Inhaler', '', '', '200000', 0, 0, '', 'Abdul Aziz Abu Kafa'),
('ROBTAKS61', 'Resep Alkes Betadin5ml TUBE/LOS', '', '', '7000', 0, 0, '', 'Abdul Aziz Abu Kafa'),
('ROBTAKS62', 'Resep Alkes Thermogun', '', '', '900000', 0, 0, '', 'Abdul Aziz Abu Kafa'),
('ROBTAKS63', 'Resep Alkes Dermafix 10x20', '', '', '60000', 0, 0, '', 'Abdul Aziz Abu Kafa'),
('ROBTAKS64', 'Resep Alkes JarumInsulin31G', '', '', '4000', 0, 0, '', 'Abdul Aziz Abu Kafa'),
('ROBTAKS65', 'Resep Alkes CatgutPlain4/0', '', '', '20000', 0, 0, '', 'Abdul Aziz Abu Kafa'),
('ROBTAKS66', 'Resep Alkes CatgutCromicTanpaJarum', '', '', '20000', 0, 0, '', 'Abdul Aziz Abu Kafa'),
('ROBTAKS67', 'Resep Alkes Obgyn7,5 HANDSCOENSTERILPANJANG', '', '', '50000', 0, 0, '', 'Abdul Aziz Abu Kafa'),
('ROBTAKS68', 'Resep Alkes Rivanol100ml', '', '', '5000', 0, 0, '', 'Abdul Aziz Abu Kafa'),
('ROBTAKS69', 'Resep Alkes MaskerOxygenDewasaNRM', '', '', '60000', 0, 0, '', 'Abdul Aziz Abu Kafa'),
('ROBTAKS70', 'Resep Alkes TisuMagic', '', '', '2500', 0, 0, '', 'Abdul Aziz Abu Kafa'),
('ROBTAKS71', 'Resep Alkes SendalDiabetes', '', '', '150000', 0, 0, '', 'Abdul Aziz Abu Kafa'),
('ROBTAKS72', 'Resep Alkes GudelMayoOropharingealSemuaNomor', '', '', '50000', 0, 0, '', 'Abdul Aziz Abu Kafa'),
('ROBTAKS73', 'Resep Alkes SuctionCatheterSemuaNomor', '', '', '15000', 0, 0, '', 'Abdul Aziz Abu Kafa'),
('ROBTAKS74', 'Resep Alkes PerbanTulangPunggung/PenyanggaPunggung Aolikes', '', '', '190000', 0, 0, '', 'Abdul Aziz Abu Kafa'),
('ROBTAKS75', 'Resep Alkes CromicWithNeedle4/0', '', '', '23000', 0, 0, '', 'Abdul Aziz Abu Kafa'),
('ROBTAKS76', 'Resep Alkes DermafixSIv9x7', '', '', '5500', 0, 0, '', 'Abdul Aziz Abu Kafa'),
('ROBTAKS77', 'Resep Alkes DermafixSIv6x7', '', '', '5000', 0, 0, '', 'Abdul Aziz Abu Kafa'),
('ROBTINF01', 'Resep Infusion Dex5%', '', 'plbt', '32000', 0, 0, '', 'Abdul Aziz Abu Kafa'),
('ROBTINF02', 'Resep Infusion Futrolit', '', 'plbt', '32000', 0, 0, '', 'Abdul Aziz Abu Kafa'),
('ROBTINF03', 'Resep Infusion Metrodinazole', '', 'plbt', '60000', 0, 0, '', 'Abdul Aziz Abu Kafa'),
('ROBTINF04', 'Resep Infusion NACL', '', 'plbt', '32000', 0, 0, '', 'Abdul Aziz Abu Kafa'),
('ROBTINF05', 'Resep Infusion RingerLaktat', '', 'plbt', '32000', 0, 0, '', 'Abdul Aziz Abu Kafa'),
('ROBTINF06', 'Resep Infusion Sanmol', 'PARACETAMOL INFUS', 'plbt', '100000', 0, 0, '', 'Abdul Aziz Abu Kafa'),
('ROBTINF07', 'Resep Infusion HumanAlbumin20%100ml', '', 'plbt', '1900000', 0, 0, '', 'Abdul Aziz Abu Kafa'),
('ROBTINJ01', 'Resep Inject Cefotaxim', 'CEFOTAXIM', 'ampl', '30000', 0, 0, '', 'Abdul Aziz Abu Kafa'),
('ROBTINJ02', 'Resep Inject Cytocolin', 'CYTICOLINE', 'ampl', '55000', 0, 0, '', 'Abdul Aziz Abu Kafa'),
('ROBTINJ03', 'Resep Inject Dexametason', 'DEXAMETHASON', 'ampl', '20000', 0, 0, '', 'Abdul Aziz Abu Kafa'),
('ROBTINJ04', 'Resep Inject Epineprine', 'EPINEPRIN', 'ampl', '25000', 0, 0, '', 'Abdul Aziz Abu Kafa'),
('ROBTINJ05', 'Resep Inject Kalnex', 'ASAM TRANEKSAMAT', 'ampl', '35000', 0, 0, '', 'Abdul Aziz Abu Kafa'),
('ROBTINJ06', 'Resep Inject Lidocain', 'LIDOCAINE', 'ampl', '20000', 0, 0, '', 'Abdul Aziz Abu Kafa'),
('ROBTINJ07', 'Resep Inject Lidocain+Epineprin', 'LIDOCAIN EPINEPRIN', 'ampl', '20000', 0, 0, '', 'Abdul Aziz Abu Kafa'),
('ROBTINJ08', 'Resep Inject Ondansetron4mg', 'ONDANSETRON 4MG', 'ampl', '25000', 0, 0, '', 'Abdul Aziz Abu Kafa'),
('ROBTINJ09', 'Resep Inject Pantoprazole', 'PANTOPRAZOLE', 'ampl', '70000', 0, 0, '', 'Abdul Aziz Abu Kafa'),
('ROBTINJ10', 'Resep Inject Ranitidine25mg', 'RANITIDINE', 'ampl', '20000', 0, 0, '', 'Abdul Aziz Abu Kafa'),
('ROBTINJ11', 'Resep Inject Ranitidine50mg', 'RANITIDINE', 'ampl', '20000', 0, 0, '', 'Abdul Aziz Abu Kafa'),
('ROBTINJ12', 'Resep Inject Sotatic', 'METOCLOPRAMIDE HCL 5MG', 'ampl', '25000', 0, 0, '', 'Abdul Aziz Abu Kafa'),
('ROBTINJ13', 'Resep Inject Neurobion', 'THIAMINE HCL PYRIDOXINR HCL CYANOCOBALAMIN', 'ampl', '50000', 0, 0, '', 'Abdul Aziz Abu Kafa'),
('ROBTINJ14', 'Resep Inject Ketorolac', 'KETOROLAC', 'ampl', '30000', 0, 0, '', 'Abdul Aziz Abu Kafa'),
('ROBTINJ15', 'Resep Inject Aquabidest', '', 'ampl', '30000', 0, 0, '', 'Abdul Aziz Abu Kafa'),
('ROBTINJ16', 'Resep Inject Oxytocin', 'OXYTOCIN', 'ampl', '20000', 0, 0, '', 'Abdul Aziz Abu Kafa'),
('ROBTINJ17', 'Resep Inject VitK', 'VIT K1', 'ampl', '25000', 0, 0, '', 'Abdul Aziz Abu Kafa'),
('ROBTINJ18', 'Resep Inject Ceftriaxon', 'CEFTRIAXONE', 'ampl', '35000', 0, 0, '', 'Abdul Aziz Abu Kafa'),
('ROBTINJ19', 'Resep Inject Epinephhrin', 'EPINEPRIN', 'ampl', '30000', 0, 0, '', 'Abdul Aziz Abu Kafa'),
('ROBTINJ20', 'Resep Inject Trilac1cc', 'TRIAMCINOLONE ACETONIDE 5ML', 'ampl', '40000', 0, 0, '', 'Abdul Aziz Abu Kafa'),
('ROBTINJ21', 'Resep Inject AndalanHarmonis0.5ccKBPink', '', 'ampl', '15000', 0, 0, '', 'Abdul Aziz Abu Kafa'),
('ROBTINJ22', 'Resep Inject Andalan3ccKBHijau', '', 'ampl', '15000', 0, 0, '', 'Abdul Aziz Abu Kafa'),
('ROBTINJ23', 'Resep Inject Mecobalamin500mg B12', 'MECOBALAMINE 500MG', 'ampl', '30000', 0, 0, '', 'Abdul Aziz Abu Kafa'),
('ROBTINJ24', 'Resep Inject DepoNeoKB', '', 'ampl', '15000', 0, 0, '', 'Abdul Aziz Abu Kafa'),
('ROBTINJ25', 'Resep Inject Dexketoprofen', '', 'ampl', '40000', 0, 0, '', 'Abdul Aziz Abu Kafa'),
('ROBTINJ26', 'Resep Inject Tramadol', 'TRAMADOL', 'ampl', '40000', 0, 0, '', 'Abdul Aziz Abu Kafa'),
('ROBTINJ27', 'Resep Inject Diphenhydramine', 'DIPHENHYDRAMINE', 'ampl', '15000', 0, 0, '', 'Abdul Aziz Abu Kafa'),
('ROBTINJ28', 'Resep Inject Furosemid', 'FUROSEMIDE', 'ampl', '30000', 0, 0, '', 'Abdul Aziz Abu Kafa'),
('ROBTINJ29', 'Resep Inject Lancolin250', 'CITICOLINE500MG', 'ampl', '25000', 0, 0, '', 'Abdul Aziz Abu Kafa'),
('ROBTINJ30', 'Resep Inject MetylErgo', 'METHYLERGOMETHRIN', 'ampl', '20000', 0, 0, '', 'Abdul Aziz Abu Kafa'),
('ROBTINJ31', 'Resep Inject Asamtraneksamat1cc', 'ASAM TRANEKSAMAT', 'ampl', '50000', 0, 0, '', 'Abdul Aziz Abu Kafa'),
('ROBTINJ32', 'Resep Inject OtsuD40', 'DEXTROSE 400MG', 'ampl', '60000', 0, 0, '', 'Abdul Aziz Abu Kafa'),
('ROBTINJ33', 'Resep Inject Biosat', 'SERUM ANTI TETANUS', 'ampl', '300000', 0, 0, '', 'Abdul Aziz Abu Kafa'),
('ROBTINJ34', 'Resep Inject Streptomycin', 'STREPTOMYCIN', 'ampl', '70000', 0, 0, '', 'Abdul Aziz Abu Kafa'),
('ROBTINJ35', 'Resep Inject Kanamycin', 'KANAMYCIN', 'ampl', '40000', 0, 0, '', 'Abdul Aziz Abu Kafa'),
('ROBTINJ36', 'Resep Inject Cyanocobalamine B12', 'CYANOCOBALAMINE B12', 'ampl', '30000', 0, 0, '', 'Abdul Aziz Abu Kafa'),
('ROBTINJ37', 'Resep Inject Dextrose40%Otsu', 'DEXTROSE 400MG', 'ampl', '40000', 0, 0, '', 'Abdul Aziz Abu Kafa'),
('ROBTINJ38', 'Resep Inject Biocombin500 CYANOCOBALAMIN500', 'CYANOCOBALAMINE THIAMINE HCL PYRIDOXINE HCL', 'ampl', '30000', 0, 0, '', 'Abdul Aziz Abu Kafa'),
('ROBTINJ39', 'Resep Inject Ondansetron8mg', 'ONDANSETRON 8MG', 'ampl', '30000', 0, 0, '', 'Abdul Aziz Abu Kafa'),
('ROBTINJ40', 'Resep Inject Ceftizoxime', '', 'ampl', '180000', 0, 0, '', 'Abdul Aziz Abu Kafa'),
('ROBTINJ41', 'Resep Inject MethylPrednisolone', 'METHYLPREDNISOLONE', 'ampl', '70000', 0, 0, '', 'Abdul Aziz Abu Kafa'),
('ROBTINJ42', 'Resep Inject Gentamycin', 'ATROPINE SULFATE', 'ampl', '30000', 0, 0, '', 'Abdul Aziz Abu Kafa'),
('ROBTINJ43', 'Resep Inject Atrophine', '', 'ampl', '30000', 0, 0, '', 'Abdul Aziz Abu Kafa'),
('ROBTSB01', 'Resep SabunPhisohex', '', '', '30000', 0, 0, '', 'Abdul Aziz Abu Kafa'),
('ROBTSLP01', 'Resep Salp Acyclovir', 'ACYCLOVIR50MG', 'pot', '15000', 0, 0, '', 'Abdul Aziz Abu Kafa'),
('ROBTSLP02', 'Resep Salp Genta', 'GENTAMICINESULFATE0,1%', 'pot', '15000', 0, 0, '', 'Abdul Aziz Abu Kafa'),
('ROBTSLP03', 'Resep Salp H', 'HYDROCORTISON2,5%', 'pot', '15000', 0, 0, '', 'Abdul Aziz Abu Kafa'),
('ROBTSLP04', 'Resep Salp K', 'FLUOCINOLONEACETONIDE0,025% NEOMYCINSULFATE0,5%', 'pot', '15000', 0, 0, '', 'Abdul Aziz Abu Kafa'),
('ROBTSLP05', 'Resep Salp SCC', 'PERMETHRIN5%', 'pot', '20000', 0, 0, '', 'Abdul Aziz Abu Kafa'),
('ROBTSLP06', 'Resep Salp SO', 'KETOCONAZOLE2%', 'pot', '15000', 0, 0, '', 'Abdul Aziz Abu Kafa'),
('ROBTSLP07', 'Resep Salp TR Trombophob', 'HEPARIN SODIUM200IU', 'pot', '25000', 0, 0, '', 'Abdul Aziz Abu Kafa'),
('ROBTSLP08', 'Resep Salp 24', 'SULFUR PRAECIPITATUM40MG ASAM SALISILAT20MG', 'pot', '10000', 0, 0, '', 'Abdul Aziz Abu Kafa'),
('ROBTSLP09', 'Resep Salp BoraginolN', 'LITHOSPERMIRADIX EXTR0,09MG', 'pot', '45000', 0, 0, '', 'Abdul Aziz Abu Kafa'),
('ROBTSLP10', 'Resep Salp ErphaflamPot5ml', 'DICLOFENAC DIETHYLAMINE11,6MG', 'pot', '15000', 0, 0, '', 'Abdul Aziz Abu Kafa'),
('ROBTSLP11', 'Resep Salp RecoSalpMata', 'CHLORAMPHENICOL1%', 'pot', '15000', 0, 0, '', 'Abdul Aziz Abu Kafa'),
('ROBTSLP12', 'Resep Salp Betametason', 'BETHAMETHASONE DIPROPIONATE0,64MG', 'pot', '15000', 0, 0, '', 'Abdul Aziz Abu Kafa'),
('ROBTSLP13', 'Resep Salp Nisagon', 'BETHAMETHASONE-17-VALERATE0,1% NEOMYCIN SULPHATE0,5%', 'pot', '15000', 0, 0, '', 'Abdul Aziz Abu Kafa'),
('ROBTSLP14', 'Resep Salp Bioplacenton', 'PLACENTA EXTRACT10% NEOMYCIN SULFATE0,5%', 'pot', '28000', 0, 0, '', 'Abdul Aziz Abu Kafa'),
('ROBTSLP15', 'Resep Salp Skizon', 'BETHAMETHASONE DIPROPIONATE0,64MG', 'pot', '15000', 0, 0, '', 'Abdul Aziz Abu Kafa'),
('ROBTSLP16', 'Resep Salp Salgen', 'GENTAMICIN1MG', 'pot', '15000', 0, 0, '', 'Abdul Aziz Abu Kafa'),
('ROBTSLP17', 'Resep Salp Oxytetracycline', 'OXYTETRACYCLINE1%', 'pot', '15000', 0, 0, '', 'Abdul Aziz Abu Kafa'),
('ROBTSLP18', 'Resep Salp Nysagon', 'BETHAMETHASONE-17-VALERATE0,1% NEOMYCIN SULPHATE0,5%', 'pot', '15000', 0, 0, '', 'Abdul Aziz Abu Kafa'),
('ROBTSLP19', 'Resep Salp Callusol', 'ASAM SALISILAT0,2G ASAM LAKTAT0,005G POLIDOCANOL0,02G', 'pot', '38000', 0, 0, '', 'Abdul Aziz Abu Kafa'),
('ROBTSLP20', 'Resep Salp Bufacomb', 'TRIAMCINOLONE ACETONIDE0,1%', 'pot', '35000', 0, 0, '', 'Abdul Aziz Abu Kafa'),
('ROBTSLP21', 'Resep Salp Genalten', 'GENTAMICINE SULFATE0,1%', 'pot', '15000', 0, 0, '', 'Abdul Aziz Abu Kafa'),
('ROBTSLP22', 'Resep Salp MeboPot10ml', 'LUKA BAKAR', 'pot', '72000', 0, 0, '', 'Abdul Aziz Abu Kafa'),
('ROBTSLP23', 'Resep Salp Ichityol15gr', 'ICHTAMMOLUM100MG', 'pot', '15000', 0, 0, '', 'Abdul Aziz Abu Kafa'),
('ROBTSLP24', 'Resep Salp HaemocainOintPot5ml', 'LIDOCAINE HCL5% AL SUBACETATE3,5% ZINC OXIDE18%', 'pot', '41000', 0, 0, '', 'Abdul Aziz Abu Kafa'),
('ROBTSLP25', 'Resep Salp Klorfeson10gr', 'CHLORAMPHENICOL20MG PREDNISOLONE2,5MG', 'pot', '15000', 0, 0, '', 'Abdul Aziz Abu Kafa'),
('ROBTSLP26', 'Resep Salp Ketoconazole5ml', 'KETOCONAZOLE2%', 'pot', '15000', 0, 0, '', 'Abdul Aziz Abu Kafa'),
('ROBTSLP27', 'Resep Salp HotinPot5ml', 'DICLOFENAC SODIUM10MG', 'pot', '15000', 0, 0, '', 'Abdul Aziz Abu Kafa'),
('ROBTSLP28', 'Resep Salp BabyCarePot20g', 'DEXPANTHENOL50MG', 'pot', '30000', 0, 0, '', 'Abdul Aziz Abu Kafa'),
('ROBTSLP29', 'Resep Salp KenalogPot5ml', 'TRIAMCINOLONE ACETONIDE0,1%', 'pot', '80000', 0, 0, '', 'Abdul Aziz Abu Kafa'),
('ROBTSLP30', 'Resep Salp ErlamycetinSalpMata', 'CHLORAMPHENICOL1%', 'pot', '15000', 0, 0, '', 'Abdul Aziz Abu Kafa'),
('ROBTSLP31', 'Resep Salp Oviskin-NPot5ml', 'BETHAMETHASON VALERATE0,1% NEOMYCIN SULFATE0,5%', 'pot', '15000', 0, 0, '', 'Abdul Aziz Abu Kafa'),
('ROBTSLP32', 'Resep Salp TrifamycetinPot5ml', 'CHLORAMPHENICOL2%', 'pot', '15000', 0, 0, '', 'Abdul Aziz Abu Kafa'),
('ROBTSLP33', 'Resep Salp Kutilos', 'ASAM SALISILAT0,2G ASAM LAKTAT0,005G POLIDOCANOL0,02G', 'pot', '30000', 0, 0, '', 'Abdul Aziz Abu Kafa'),
('ROBTSLP34', 'Resep Salp Hydrocortison', 'HYDROCORTISON2,5%', 'pot', '15000', 0, 0, '', 'Abdul Aziz Abu Kafa'),
('ROBTSLP35', 'Resep Salp Faktu', 'POLICRESULEN50MG CINCHOCAINEHCL10MG', 'pot', '42000', 0, 0, '', 'Abdul Aziz Abu Kafa'),
('ROBTSLP36', 'Resep Salp UltrafocortN', 'FLUOCORTOLONE PIVALATE1MG LIDOCAIN HCL40MG', 'pot', '75000', 0, 0, '', 'Abdul Aziz Abu Kafa'),
('ROBTSLP37', 'Resep Salp BoraginolSPot5ml', 'LITHOSPERMI RADIX0,1MG PREDNISOLONE0,5MG LIDOCAINE7,5MG CETRIMIDE1,25MG AETHYLIS AMINOBENZOAS10MG', 'pot', '60000', 0, 0, '', 'Abdul Aziz Abu Kafa'),
('ROBTSLP38', 'Resep Salp GenointointPot5ml', 'GENTAMICIN SULFATE1MG', 'pot', '15000', 0, 0, '', 'Abdul Aziz Abu Kafa'),
('ROBTSLP39', 'Resep Salp Clonitia1%Pot5ml', 'CLOTRIMAZOLE1%', 'pot', '15000', 0, 0, '', 'Abdul Aziz Abu Kafa'),
('ROBTSLP40', 'Resep Salp SalonpasGelPot5ml', 'EKSTRAK TUMBUH TUMBUHAN', 'pot', '15000', 0, 0, '', 'Abdul Aziz Abu Kafa'),
('ROBTSLP41', 'Resep Salp Bufacort', 'NEOMYCIN SULFATE0,5% HIDROCORTISON ASETAT1%', 'pot', '15000', 0, 0, '', 'Abdul Aziz Abu Kafa'),
('ROBTSLP42', 'Resep Salp Faxiden', 'PIROXICAM5MG', 'pot', '15000', 0, 0, '', 'Abdul Aziz Abu Kafa'),
('ROBTSLP43', 'Resep Salp Chloramfecort', 'CHLORAMPHENICOL20MG PREDNISOLONE25MG', 'pot', '15000', 0, 0, '', 'Abdul Aziz Abu Kafa'),
('ROBTSLP44', 'Resep Salp Colipred', 'CHLORAMPHENICOL20MG PREDNISOLONE25MG', 'pot', '15000', 0, 0, '', 'Abdul Aziz Abu Kafa'),
('ROBTSLP45', 'Resep Salp Bevalex', 'BETHAMETHASON VALERATE1MG NEOMYCIN SULFATE5MG', 'pot', '15000', 0, 0, '', 'Abdul Aziz Abu Kafa'),
('ROBTSRB01', 'Resep Serbuk Trolit', 'MONASCUSPURPUREUS PSIDIIFOLIUM VITAMINELEKTROLIT ZN', 'sachet', '20000', 0, 0, '', 'Abdul Aziz Abu Kafa'),
('ROBTSRB02', 'Resep Serbuk LactoB', 'LACTOB', 'sachet', '10000', 0, 0, '', 'Abdul Aziz Abu Kafa'),
('ROBTSRB03', 'Resep Serbuk Pharolite', 'ORALITE', 'sachet', '2000', 0, 0, '', 'Abdul Aziz Abu Kafa'),
('ROBTSRB04', 'Resep Serbuk WonderMealFKC', '', 'sachet', '25000', 0, 0, '', 'Abdul Aziz Abu Kafa'),
('ROBTSRB05', 'Resep Serbuk LBio', 'LACTOB', 'sachet', '11000', 0, 0, '', 'Abdul Aziz Abu Kafa'),
('ROBTSRB06', 'Resep Serbuk SariTemulawak', '', 'sachet', '5000', 0, 0, '', 'Abdul Aziz Abu Kafa'),
('ROBTSRB07', 'Resep Serbuk SariKunyitAsam', '', 'sachet', '5000', 0, 0, '', 'Abdul Aziz Abu Kafa'),
('ROBTSRB08', 'Resep Serbuk SariKunyitAsamSirih', '', 'sachet', '5000', 0, 0, '', 'Abdul Aziz Abu Kafa'),
('ROBTSRB09', 'Resep Serbuk Jovial LACTOB', 'LACTOB', 'sachet', '7000', 0, 0, '', 'Abdul Aziz Abu Kafa'),
('ROBTSRB10', 'Resep Serbuk Lacbon', 'LACTOB', 'sachet', '5000', 0, 0, '', 'Abdul Aziz Abu Kafa'),
('ROBTSRB11', 'Resep Serbuk Paedilac', 'LACTOB', 'sachet', '8000', 0, 0, '', 'Abdul Aziz Abu Kafa'),
('ROBTSUP01', 'Resep Sups Kaltrofen', 'KALTROPEN', '', '25000', 0, 0, '', 'Abdul Aziz Abu Kafa'),
('ROBTSUP02', 'Resep Sups Microlax', '', '', '30000', 0, 0, '', 'Abdul Aziz Abu Kafa'),
('ROBTSUP03', 'Resep Sups Proris125mg', 'IBU PROFEN 125MG', '', '25000', 0, 0, '', 'Abdul Aziz Abu Kafa'),
('ROBTSUP04', 'Resep Sups Superhoid', '', '', '6000', 0, 0, '', 'Abdul Aziz Abu Kafa'),
('ROBTSUP05', 'Resep Sups Dulcolax5mg', 'BISACODYL5MG', '', '29000', 0, 0, '', 'Abdul Aziz Abu Kafa'),
('ROBTSUP06', 'Resep Sups Dulcolax10mg', 'BISACODYL 10MG', '', '26000', 0, 0, '', 'Abdul Aziz Abu Kafa'),
('ROBTSUP07', 'Resep Sups Pamol250mg', 'PARACETAMOL250MG', '', '37000', 0, 0, '', 'Abdul Aziz Abu Kafa'),
('ROBTSUP08', 'Resep Sups Pamol125mg', 'PARACETAMOL125MG', '', '25000', 0, 0, '', 'Abdul Aziz Abu Kafa'),
('ROBTSUP09', 'Resep Sups DuminRectal125mg', 'PARACETAMOL 125MG', '', '25000', 0, 0, '', 'Abdul Aziz Abu Kafa'),
('ROBTSUP10', 'Resep Sups Profenid100mg', 'KETOPROFEN 100MG', '', '25000', 0, 0, '', 'Abdul Aziz Abu Kafa'),
('ROBTSUP11', 'Resep Sups BoraginolN', '', '', '25000', 0, 0, '', 'Abdul Aziz Abu Kafa'),
('ROBTSUP12', 'Resep Sups Propyrectic80mg', 'PARACETAMOL80MG', '', '25000', 0, 0, '', 'Abdul Aziz Abu Kafa'),
('ROBTSUP13', 'Resep Sups Profecom', 'KETOPROFEN 100MG', '', '25000', 0, 0, '', 'Abdul Aziz Abu Kafa'),
('ROBTSUP14', 'Resep Sups Propyrectic160mg PARASETSUPS160mg', 'PARACETAMOL 160', '', '25000', 0, 0, '', 'Abdul Aziz Abu Kafa'),
('ROBTSYR01', 'Resep Syrup Antasida', 'ALUMINIUMHIDROXIDE200MG MAGNESIUMHIDROXIDE200MG', 'fls', '5000', 0, 0, '', 'Abdul Aziz Abu Kafa'),
('ROBTSYR02', 'Resep Syrup Berlocid', 'ALUMINIUMHIDROXIDE200MG MAGNESIUMHIDROXIDE200MG DIMETHICONE40MG', 'fls', '12000', 0, 0, '', 'Abdul Aziz Abu Kafa'),
('ROBTSYR03', 'Resep Syrup Broadamox125mg', 'AMOXICILINTRIHYDRATE125MG', 'fls', '8500', 0, 0, '', 'Abdul Aziz Abu Kafa'),
('ROBTSYR04', 'Resep Syrup Broadamox250mg', 'AMOXICILINTRIHYDRATE250MG', 'fls', '10000', 0, 0, '', 'Abdul Aziz Abu Kafa'),
('ROBTSYR05', 'Resep Syrup Bronchitin', 'PARACETAMOL120MG GUAIFENESIN100MG PHENYLEPRINE2,5MG', 'fls', '9000', 0, 0, '', 'Abdul Aziz Abu Kafa'),
('ROBTSYR06', 'Resep Syrup Cavicur', 'VITAMIN', 'fls', '10000', 0, 0, '', 'Abdul Aziz Abu Kafa'),
('ROBTSYR07', 'Resep Syrup CavicurDHA', 'VITAMIN+DHA', 'fls', '15000', 0, 0, '', 'Abdul Aziz Abu Kafa'),
('ROBTSYR08', 'Resep Syrup CavicurEmulsion', 'VITAMIN', 'fls', '15000', 0, 0, '', 'Abdul Aziz Abu Kafa'),
('ROBTSYR09', 'Resep Syrup Cefadroxil125mg', 'CEFADROXYL125MG', 'fls', '11000', 0, 0, '', 'Abdul Aziz Abu Kafa'),
('ROBTSYR10', 'Resep Syrup Colfin', 'PARACETAMOL120MG DEXTROMETHOPHAN HBR5MG PHENYLEPHRINE HCL2,5MG CHLORPHENERAMINE MALEAT2MG', 'fls', '11500', 0, 0, '', 'Abdul Aziz Abu Kafa'),
('ROBTSYR100', 'Resep Syrup Farsifen100mg', 'FARSIFEN100MG', 'fls', '7000', 0, 0, '', 'Abdul Aziz Abu Kafa'),
('ROBTSYR101', 'Resep Syrup EtacurVita', 'VITAMIN', 'fls', '8000', 0, 0, '', 'Abdul Aziz Abu Kafa'),
('ROBTSYR102', 'Resep Syrup Combantrin125mg', 'PIRANTELPAMOAT125MG', 'fls', '25000', 0, 0, '', 'Abdul Aziz Abu Kafa'),
('ROBTSYR103', 'Resep Syrup WybertDewasaPlus', '', 'fls', '13500', 0, 0, '', 'Abdul Aziz Abu Kafa'),
('ROBTSYR104', 'Resep Syrup Erphahexin4mg', 'BROMHEXINE4MG', 'fls', '12500', 0, 0, '', 'Abdul Aziz Abu Kafa'),
('ROBTSYR105', 'Resep Syrup Novagyl125mg', 'METRONIDAZOLE125MG', 'fls', '9500', 0, 0, '', 'Abdul Aziz Abu Kafa'),
('ROBTSYR106', 'Resep Syrup Sirplus', 'SCHARINE', 'fls', '18000', 0, 0, '', 'Abdul Aziz Abu Kafa'),
('ROBTSYR107', 'Resep Syrup Etamoxul', 'TRIMETHOPRIM40MG SULFAMETHOXAZOLE200MG', 'fls', '6000', 0, 0, '', 'Abdul Aziz Abu Kafa'),
('ROBTSYR108', 'Resep Syrup Pharmafix100mg', 'CEFIXIME100MG', 'fls', '20000', 0, 0, '', 'Abdul Aziz Abu Kafa'),
('ROBTSYR109', 'Resep Syrup Praxion250mg', 'PARACETAMOL250MG', 'fls', '41000', 0, 0, '', 'Abdul Aziz Abu Kafa'),
('ROBTSYR11', 'Resep Syrup Dionicol125mg', 'THIAMPHENICOL125MG', 'fls', '12500', 0, 0, '', 'Abdul Aziz Abu Kafa'),
('ROBTSYR12', 'Resep Syrup ErlaFlu', 'PARACETAMOL120MG PHENYLEPHRINE2,5MG DEXTROMETHORPHAN HBR2,5MG CHLORPHENAMINE MALEAT0,5MG', 'fls', '8000', 0, 0, '', 'Abdul Aziz Abu Kafa'),
('ROBTSYR13', 'Resep Syrup Erlapect15mg', 'AMBROXOL15MG', 'fls', '10000', 0, 0, '', 'Abdul Aziz Abu Kafa'),
('ROBTSYR14', 'Resep Syrup Etafen100mg', 'IBUPROFEN100MG', 'fls', '8000', 0, 0, '', 'Abdul Aziz Abu Kafa'),
('ROBTSYR15', 'Resep Syrup Flucadex', 'PARACETAMOL250MG PHENYLPROPANOLAMINE HCL7,5MG GUAIFENESIN50MG DEXTROMETHORPHAN HBR7,5MG CHLORPHENAMI', 'fls', '16000', 0, 0, '', 'Abdul Aziz Abu Kafa'),
('ROBTSYR16', 'Resep Syrup Gastrucid', 'Mg(OH)2 325MG Al(OH) 325MG DIMETHYLPOLYSILOXANE50MG', 'fls', '9000', 0, 0, '', 'Abdul Aziz Abu Kafa'),
('ROBTSYR17', 'Resep Syrup Hufadon5mg', 'DOMPERIDONE5MG', 'fls', '7000', 0, 0, '', 'Abdul Aziz Abu Kafa'),
('ROBTSYR18', 'Resep Syrup Kaotin', 'KAOLIN RINGAN985MG PEKTIN22MG', 'fls', '9000', 0, 0, '', 'Abdul Aziz Abu Kafa'),
('ROBTSYR19', 'Resep Syrup Lostacef250mg', 'CEFADROXYL250MG', 'fls', '18000', 0, 0, '', 'Abdul Aziz Abu Kafa'),
('ROBTSYR20', 'Resep Syrup Novachlor 125MG', 'CHLORAMPHENICOL PALMITATE 125MG', 'fls', '9000', 0, 0, '', 'Abdul Aziz Abu Kafa'),
('ROBTSYR21', 'Resep Syrup Novagesic 120MG', 'PARACETAMOL120MG', 'fls', '7000', 0, 0, '', 'Abdul Aziz Abu Kafa'),
('ROBTSYR22', 'Resep Syrup Novagyl125mg', 'METRONIDAZOLE BENZOATE125MG', 'fls', '10000', 0, 0, '', 'Abdul Aziz Abu Kafa'),
('ROBTSYR23', 'Resep Syrup Remco', 'CHLORPHENIRAMINE MALEAT1MG DEXTROMETHORPHAN HYDROBROMIDE5MG GLYCERYL GUAICOLATE50MG PARACETAMOL120MG', 'fls', '7000', 0, 0, '', 'Abdul Aziz Abu Kafa'),
('ROBTSYR24', 'Resep Syrup Roverton15mg', 'AMBROXOL15MG', 'fls', '7000', 0, 0, '', 'Abdul Aziz Abu Kafa'),
('ROBTSYR25', 'Resep Syrup Sucralfat', 'SUCRALFATE500MG', 'fls', '25000', 0, 0, '', 'Abdul Aziz Abu Kafa'),
('ROBTSYR26', 'Resep Syrup Trisela', 'CETIRIZINE HCL5MG', 'fls', '8500', 0, 0, '', 'Abdul Aziz Abu Kafa'),
('ROBTSYR27', 'Resep Syrup Wybert', 'BATUK HERBAL', 'fls', '15000', 0, 0, '', 'Abdul Aziz Abu Kafa'),
('ROBTSYR28', 'Resep Syrup Yekaprim', 'SULFAMETHOXAZOLE200MG TRIMETHOPRIM40MG', 'fls', '6000', 0, 0, '', 'Abdul Aziz Abu Kafa'),
('ROBTSYR29', 'Resep Syrup Yusimox125mg', 'AMOXICILINTRIHYDRATE125MG', 'fls', '7000', 0, 0, '', 'Abdul Aziz Abu Kafa'),
('ROBTSYR30', 'Resep Syrup Yusimox250mg', 'AMOXICILINTRIHYDRATE250MG', 'fls', '10000', 0, 0, '', 'Abdul Aziz Abu Kafa'),
('ROBTSYR31', 'Resep Syrup ZinkMepro20mg', 'ZINCSULFATEMONOHYDRATE20MG', 'fls', '7000', 0, 0, '', 'Abdul Aziz Abu Kafa'),
('ROBTSYR32', 'Resep Syrup ZinkPro20mg', 'ZINCSULFATEMONOHYDRATE20MG', 'fls', '15000', 0, 0, '', 'Abdul Aziz Abu Kafa'),
('ROBTSYR33', 'Resep Syrup Eryra ERITROMICYN', 'ERYTROMICYN STREARATE200MG', 'fls', '20000', 0, 0, '', 'Abdul Aziz Abu Kafa'),
('ROBTSYR34', 'Resep Syrup Cefixime100mg', 'CEFIXIME100MG', 'fls', '24000', 0, 0, '', 'Abdul Aziz Abu Kafa'),
('ROBTSYR35', 'Resep Syrup Maagel', 'CALCIUM CARBONATE500MG MAGNESIUM TRISILIKAT250MG SIMETIKON4MG', 'fls', '8000', 0, 0, '', 'Abdul Aziz Abu Kafa'),
('ROBTSYR36', 'Resep Syrup Laxadine60mlEmulsion GLISERIN', 'PHENOLPHTHALEIN55MG LIQD PARAFFIN1,200MG GLYCERIN378MG', 'fls', '50000', 0, 0, '', 'Abdul Aziz Abu Kafa'),
('ROBTSYR37', 'Resep Syrup Curviplex', 'VITAMIN', 'fls', '7000', 0, 0, '', 'Abdul Aziz Abu Kafa'),
('ROBTSYR38', 'Resep Syrup Chlorexol 125mg', 'CHLORAMPHENICOL125MG', 'fls', '10000', 0, 0, '', 'Abdul Aziz Abu Kafa'),
('ROBTSYR39', 'Resep Syrup OBH', 'GLYCYRRHIZAE SUCCUS160MG CHLORETUM AMMONICUM100MG SOLUTIO AMMONIA SPRITUOSA ANISATA100MG', 'fls', '8000', 0, 0, '', 'Abdul Aziz Abu Kafa'),
('ROBTSYR40', 'Resep Syrup Kompolax', 'PARAFIFIN LIQUID1,5G PHENOLPHTALEIN75MG GLYCEROL1G', 'fls', '15000', 0, 0, '', 'Abdul Aziz Abu Kafa'),
('ROBTSYR41', 'Resep Syrup Farizol', 'METRONIDAZOLE BENZOATE125MG', 'fls', '9500', 0, 0, '', 'Abdul Aziz Abu Kafa'),
('ROBTSYR42', 'Resep Syrup SariKurma', '', 'fls', '45000', 0, 0, '', 'Abdul Aziz Abu Kafa'),
('ROBTSYR43', 'Resep Syrup Muliavit', 'VITAMIN', 'fls', '10000', 0, 0, '', 'Abdul Aziz Abu Kafa'),
('ROBTSYR44', 'Resep Syrup HolizincMepro20mg', 'ZINCSULFATEMONOHYDRATE20MG', 'fls', '12000', 0, 0, '', 'Abdul Aziz Abu Kafa'),
('ROBTSYR45', 'Resep Syrup Lasal', 'GLYCERYL GUAIACOLATE75MG SALBUTAMOL SULFATE2MG', 'fls', '42000', 0, 0, '', 'Abdul Aziz Abu Kafa'),
('ROBTSYR46', 'Resep Syrup Gliserin', 'GLICERIN AQUADEMINERALISATA', 'fls', '15000', 0, 0, '', 'Abdul Aziz Abu Kafa'),
('ROBTSYR47', 'Resep Syrup CoparcetinMerah', 'PARACETAMOL120MG GUAIFENESIN50MG EPHEDRINEHCL4MG CHLORPHENAMINEMALEAT1MGETHANOL96%1,6%V/V', 'fls', '10500', 0, 0, '', 'Abdul Aziz Abu Kafa'),
('ROBTSYR48', 'Resep Syrup Caviplex', 'VITAMIN', 'fls', '10000', 0, 0, '', 'Abdul Aziz Abu Kafa'),
('ROBTSYR49', 'Resep Syrup Trifamol120mg', 'PARACETAMOL120MG', 'fls', '7000', 0, 0, '', 'Abdul Aziz Abu Kafa'),
('ROBTSYR50', 'Resep Syrup Omedom5mg', 'DOMPERIDON5MG', 'fls', '8000', 0, 0, '', 'Abdul Aziz Abu Kafa'),
('ROBTSYR51', 'Resep Syrup Tropigesic120mg', 'PARACETAMOL120MG', 'fls', '7000', 0, 0, '', 'Abdul Aziz Abu Kafa'),
('ROBTSYR52', 'Resep Syrup Fenpro100mg', 'IBUPROFEN100MG', 'fls', '7000', 0, 0, '', 'Abdul Aziz Abu Kafa'),
('ROBTSYR53', 'Resep Syrup Citoprim', 'TRIMETHOPRIM40MG SULFAMETHOXAZOLE200MG', 'fls', '7500', 0, 0, '', 'Abdul Aziz Abu Kafa'),
('ROBTSYR54', 'Resep Syrup Curbion', 'CAVICUR', 'fls', '7000', 0, 0, '', 'Abdul Aziz Abu Kafa'),
('ROBTSYR55', 'Resep Syrup Sultrimix', 'TRIMETHOPRIM40MG SULFAMETHOXAZOLE200MG', 'fls', '9000', 0, 0, '', 'Abdul Aziz Abu Kafa'),
('ROBTSYR56', 'Resep Syrup Clanexy', 'AMOXICILINTRIHYDRATE125MG CLAVULANICACID31.25MG', 'fls', '85000', 0, 0, '', 'Abdul Aziz Abu Kafa'),
('ROBTSYR57', 'Resep Syrup Glisend2mg', 'SALBUTAMOL2MG', 'fls', '15000', 0, 0, '', 'Abdul Aziz Abu Kafa'),
('ROBTSYR58', 'Resep Syrup Bufagan', 'PROMETHAZINE2.5MG EPHEDRINE2.5MG AMMONIUM100MG', 'fls', '7000', 0, 0, '', 'Abdul Aziz Abu Kafa'),
('ROBTSYR59', 'Resep Syrup GlisendExpect', 'SALBUTAMOL1MG GUAIFENESIN50MG', 'fls', '22500', 0, 0, '', 'Abdul Aziz Abu Kafa'),
('ROBTSYR60', 'Resep Syrup Helixime100mg', 'CEFIXIME100MG', 'fls', '20000', 0, 0, '', 'Abdul Aziz Abu Kafa'),
('ROBTSYR61', 'Resep Syrup Zentarin100mg', 'IBUPROFEN100MG', 'fls', '6000', 0, 0, '', 'Abdul Aziz Abu Kafa'),
('ROBTSYR62', 'Resep Syrup Lostacef125mg', 'CEFADROXYL125MG', 'fls', '13000', 0, 0, '', 'Abdul Aziz Abu Kafa'),
('ROBTSYR63', 'Resep Syrup CoAmoxiclav', 'AMOXICILINTRIHYDRATE125MG CLAVULANICACID31.25MG', 'fls', '52000', 0, 0, '', 'Abdul Aziz Abu Kafa'),
('ROBTSYR64', 'Resep Syrup Ificol120mg', 'PARACETAMOL120MG', 'fls', '7000', 0, 0, '', 'Abdul Aziz Abu Kafa'),
('ROBTSYR65', 'Resep Syrup Etamox250mg', 'AMOXICILINTRIHYDRATE250MG', 'fls', '11000', 0, 0, '', 'Abdul Aziz Abu Kafa'),
('ROBTSYR67', 'Resep Syrup Zincpro20mg', 'ZINCSULFATEMONOHYDRATE20MG', 'fls', '27000', 0, 0, '', 'Abdul Aziz Abu Kafa'),
('ROBTSYR68', 'Resep Syrup Citomol120mg', 'PARACETAMOL120MG', 'fls', '5000', 0, 0, '', 'Abdul Aziz Abu Kafa'),
('ROBTSYR69', 'Resep Syrup Lactulose3.335g', 'LACTULOSE3.335G', 'fls', '40000', 0, 0, '', 'Abdul Aziz Abu Kafa'),
('ROBTSYR70', 'Resep Syrup Grastop10mg', 'ZINCSULFATEMONOHYDRATE10MG', 'fls', '7000', 0, 0, '', 'Abdul Aziz Abu Kafa'),
('ROBTSYR71', 'Resep Syrup Primadex COTRI', 'SULFAMETHOXAZOLE200MG TRIMETHOPRIM40MG', 'fls', '7000', 0, 0, '', 'Abdul Aziz Abu Kafa'),
('ROBTSYR72', 'Resep Syrup Lyscavit MULTIVITAMIN', 'VITAMIN', 'fls', '10000', 0, 0, '', 'Abdul Aziz Abu Kafa'),
('ROBTSYR73', 'Resep Syrup Oraprofen100mg', 'IBUPROFEN100MG', 'fls', '7000', 0, 0, '', 'Abdul Aziz Abu Kafa'),
('ROBTSYR74', 'Resep Syrup Erlamol120mg', 'PARACETAMOL120MG', 'fls', '7000', 0, 0, '', 'Abdul Aziz Abu Kafa'),
('ROBTSYR75', 'Resep Syrup UniBabyCough', 'PARACETAMOL120MG GUAIFENESIN25MG CHLORPHENAMINEMALEATE1MG', 'fls', '7000', 0, 0, '', 'Abdul Aziz Abu Kafa'),
('ROBTSYR76', 'Resep Syrup OBP ObatBatukPapermint', 'AMMONIUMCHLORIDA150MG AMMONIALIQUIDA0.0014ML MENTHAEPIPERITHIAE0.005ML', 'fls', '9000', 0, 0, '', 'Abdul Aziz Abu Kafa'),
('ROBTSYR77', 'Resep Syrup Lecozinc10mg', 'ZINCSULFATEMONOHYDRATE10MG', 'fls', '9000', 0, 0, '', 'Abdul Aziz Abu Kafa'),
('ROBTSYR78', 'Resep Syrup Minivitadha MV', 'VITAMIN', 'fls', '23000', 0, 0, '', 'Abdul Aziz Abu Kafa'),
('ROBTSYR79', 'Resep Syrup Zultrop COTRI', 'SULFAMETHOXAZOLE200MG TRIMETHOPRIM40MG', 'fls', '7000', 0, 0, '', 'Abdul Aziz Abu Kafa'),
('ROBTSYR80', 'Resep Syrup Pamol120mg', 'PARACETAMOL120MG', 'fls', '35000', 0, 0, '', 'Abdul Aziz Abu Kafa'),
('ROBTSYR81', 'Resep Syrup Novatrim', 'SULFAMETHOXAZOLE200MG TRIMETHOPRIM40MG', 'fls', '7000', 0, 0, '', 'Abdul Aziz Abu Kafa'),
('ROBTSYR82', 'Resep Syrup Triocid', 'ALUMINIUMHIDROXIDE200MG MAGNESIUMHIDROXIDE200MG SIMETICON20MG', 'fls', '9000', 0, 0, '', 'Abdul Aziz Abu Kafa'),
('ROBTSYR83', 'Resep Syrup Sanmol250mg', 'PARACETAMOL250MG', 'fls', '42000', 0, 0, '', 'Abdul Aziz Abu Kafa'),
('ROBTSYR84', 'Resep Syrup Fasgof250mg', 'PARACETAMOL250MG', 'fls', '22000', 0, 0, '', 'Abdul Aziz Abu Kafa'),
('ROBTSYR85', 'Resep Syrup Fasidol160mg', 'PARACETAMOL160MG', 'fls', '10000', 0, 0, '', 'Abdul Aziz Abu Kafa'),
('ROBTSYR86', 'Resep Syrup Insic100mg', 'IBUPROFEN100MG', 'fls', '7000', 0, 0, '', 'Abdul Aziz Abu Kafa'),
('ROBTSYR87', 'Resep Syrup Salbugen2mg', 'SALBUTAMOL2MG', 'fls', '16000', 0, 0, '', 'Abdul Aziz Abu Kafa'),
('ROBTSYR88', 'Resep Syrup Lipepsa500mg', 'SUCRALFATE500MG', 'fls', '20000', 0, 0, '', 'Abdul Aziz Abu Kafa'),
('ROBTSYR89', 'Resep Syrup Erphasal', 'SALBUTAMOL2MG GUAIFENESIN75MG', 'fls', '26000', 0, 0, '', 'Abdul Aziz Abu Kafa'),
('ROBTSYR90', 'Resep Syrup Procurma', 'CURCUMA', 'fls', '7000', 0, 0, '', 'Abdul Aziz Abu Kafa'),
('ROBTSYR91', 'Resep Syrup Sidiadryl', 'DIPHENHYDRAMINE12.5MG AMMONIUMCHLORIDE125MG', 'fls', '14000', 0, 0, '', 'Abdul Aziz Abu Kafa'),
('ROBTSYR92', 'Resep Syrup Vitalysin100ml', 'VITAMIN', 'fls', '17000', 0, 0, '', 'Abdul Aziz Abu Kafa'),
('ROBTSYR93', 'Resep Syrup Vitalysin60ml', 'VITAMIN', 'fls', '12000', 0, 0, '', 'Abdul Aziz Abu Kafa'),
('ROBTSYR94', 'Resep Syrup HiroKids', 'VITAMIN', 'fls', '23000', 0, 0, '', 'Abdul Aziz Abu Kafa'),
('ROBTSYR95', 'Resep Syrup MoriKids', 'VITAMIN', 'fls', '23000', 0, 0, '', 'Abdul Aziz Abu Kafa'),
('ROBTSYR96', 'Resep Syrup Flutamol', 'PARACETAMOL125MG GLYCERYLGUAIALACOLATE12.5MG PHENYLPROPANOLAMINE3.5MG CHLORPENIRAMINEMALEAT0.5MG VIT', 'fls', '8000', 0, 0, '', 'Abdul Aziz Abu Kafa'),
('ROBTSYR97', 'Resep Syrup Vesperum5mg', 'DOMPERIDONE5MG', 'fls', '8000', 0, 0, '', 'Abdul Aziz Abu Kafa'),
('ROBTSYR98', 'Resep Syrup Wybert100ml', '', 'fls', '21000', 0, 0, '', 'Abdul Aziz Abu Kafa'),
('ROBTSYR99', 'Resep Syrup Lactulax LACTULOSE', 'LACTULOSE3.335G', 'fls', '60000', 0, 0, '', 'Abdul Aziz Abu Kafa'),
('ROBTTAB01', 'Resep Tab Acyclovir 400mg', 'ACYCLOVIR 400MG', 'tab', '1500', 0, 0, '', 'Abdul Aziz Abu Kafa'),
('ROBTTAB02', 'Resep Tab Adrome', 'CARBAZOCROME', 'tab', '900', 0, 0, '', 'Abdul Aziz Abu Kafa'),
('ROBTTAB03', 'Resep Tab Anastan 500mg', 'ASAMEFENEMAT500MG', 'tab', '700', 0, 0, '', 'Abdul Aziz Abu Kafa'),
('ROBTTAB04', 'Resep Tab Anelat 400mg', 'ASAMFOLAT400MG', 'tab', '500', 0, 0, '', 'Abdul Aziz Abu Kafa'),
('ROBTTAB05', 'Resep Tab Aspilet 80mg', 'ACETYLSALICYCLICACID80MG', 'tab', '1000', 0, 0, '', 'Abdul Aziz Abu Kafa'),
('ROBTTAB06', 'Resep Tab B100', 'B100', 'tab', '700', 0, 0, '', 'Abdul Aziz Abu Kafa'),
('ROBTTAB07', '', '', '', '200', 0, 0, '', 'Abdul Aziz Abu Kafa'),
('ROBTTAB08', 'Resep Tab BicnatPot', 'SODIUMBICARBONATE', 'tab', '400', 0, 0, '', 'Abdul Aziz Abu Kafa'),
('ROBTTAB09', 'Resep Tab CTMPot 4mg', 'CHLORPHENAMINEMALEATE', 'tab', '500', 0, 0, '', 'Abdul Aziz Abu Kafa'),
('ROBTTAB10', 'Resep Tab Calcifar', 'CALCIUM', 'tab', '500', 0, 0, '', 'Abdul Aziz Abu Kafa'),
('ROBTTAB100', 'Resep Tab VipAlbumin', 'ALBUMIN', 'tab', '12300', 0, 0, '', 'Abdul Aziz Abu Kafa'),
('ROBTTAB101', 'Resep Tab VitaminA', 'VITAMIN', 'tab', '500', 0, 0, '', 'Abdul Aziz Abu Kafa'),
('ROBTTAB102', 'Resep Tab VitaminB1', 'VITAMIN', 'tab', '300', 0, 0, '', 'Abdul Aziz Abu Kafa'),
('ROBTTAB103', 'Resep Tab VitaminB12', 'VITAMIN', 'tab', '300', 0, 0, '', 'Abdul Aziz Abu Kafa'),
('ROBTTAB104', 'Resep Tab VitaminB6', 'VITAMIN', 'tab', '300', 0, 0, '', 'Abdul Aziz Abu Kafa'),
('ROBTTAB105', 'Resep Tab VitaminK', 'VITAMINK4DIACETATE10MG', 'tab', '500', 0, 0, '', 'Abdul Aziz Abu Kafa'),
('ROBTTAB106', 'Resep Tab VitonalCalci', 'VITAMIN', 'tab', '1000', 0, 0, '', 'Abdul Aziz Abu Kafa'),
('ROBTTAB107', 'Resep Tab VitonalF FE', 'VITAMIN', 'tab', '1500', 0, 0, '', 'Abdul Aziz Abu Kafa'),
('ROBTTAB108', 'Resep Tab VitonalLactaGenio VITDHA', 'VITAMIN', 'tab', '3200', 0, 0, '', 'Abdul Aziz Abu Kafa'),
('ROBTTAB109', 'Resep Tab VitonalM VITM', 'VITAMIN', 'tab', '1700', 0, 0, '', 'Abdul Aziz Abu Kafa'),
('ROBTTAB11', 'Resep Tab CalcifarPlus', 'CALCIUM VITAMIN D', 'tab', '1000', 0, 0, '', 'Abdul Aziz Abu Kafa'),
('ROBTTAB110', 'Resep Tab VitonalAsi VITASI', 'VITAMIN', 'tab', '1600', 0, 0, '', 'Abdul Aziz Abu Kafa'),
('ROBTTAB111', 'Resep Tab Vola10mg', 'DOMPERIDONE10MG', 'tab', '400', 0, 0, '', 'Abdul Aziz Abu Kafa'),
('ROBTTAB112', 'Resep Tab Vosea10mg', 'METHOMCLOPRAMIDE10MG', 'tab', '700', 0, 0, '', 'Abdul Aziz Abu Kafa'),
('ROBTTAB113', 'Resep Tab Wiros20mg', 'PIROXICAM20MG', 'tab', '500', 0, 0, '', 'Abdul Aziz Abu Kafa'),
('ROBTTAB114', 'Resep Tab Zipha20mg', 'ZINCSULFATEMONOHYRATE20MG', 'tab', '1000', 0, 0, '', 'Abdul Aziz Abu Kafa'),
('ROBTTAB115', 'Resep Tab ZultropForte COTRI', 'TRIMETHOPRIM160MG SULFAMETHOXAZOLE800MG', 'tab', '700', 0, 0, '', 'Abdul Aziz Abu Kafa'),
('ROBTTAB116', 'Resep Tab Spironolactone100mg', 'SPIRONOLACTONE100MG', 'tab', '1800', 0, 0, '', 'Abdul Aziz Abu Kafa'),
('ROBTTAB117', 'Resep Tab Disflatyl40mg', 'DIMETHYLPOLISILOKSANAKTIV40MG', 'tab', '1200', 0, 0, '', 'Abdul Aziz Abu Kafa'),
('ROBTTAB118', 'Resep Tab Primolut', '', 'tab', '9000', 0, 0, '', 'Abdul Aziz Abu Kafa'),
('ROBTTAB119', 'Resep Tab EverE', 'VITAMIN', 'tab', '3500', 0, 0, '', 'Abdul Aziz Abu Kafa'),
('ROBTTAB12', 'Resep Tab Captopril12.5mg', 'CAPTOPRIL12.5MG', 'tab', '500', 0, 0, '', 'Abdul Aziz Abu Kafa'),
('ROBTTAB120', 'Resep Tab HCT25mg', 'HYDROCHLOROTHIAZIDE25MG', 'tab', '500', 0, 0, '', 'Abdul Aziz Abu Kafa'),
('ROBTTAB121', 'Resep Tab Fasorbid5mg', 'ISOSORBIDDINITRATE5MG', 'tab', '500', 0, 0, '', 'Abdul Aziz Abu Kafa'),
('ROBTTAB122', 'Resep Tab Omekur200mg', 'CIMETIDINE200MG', 'tab', '500', 0, 0, '', 'Abdul Aziz Abu Kafa'),
('ROBTTAB123', 'Resep Tab Mycazol200mg', 'KETOCONAZOLE200MG', 'tab', '1500', 0, 0, '', 'Abdul Aziz Abu Kafa'),
('ROBTTAB124', 'Resep Tab Erphahexin8mg', 'BROMHEXINE8MG', 'tab', '500', 0, 0, '', 'Abdul Aziz Abu Kafa'),
('ROBTTAB125', 'Resep Tab Oxycobal500mcg', 'MECOBALAMINE500MCG', 'tab', '700', 0, 0, '', 'Abdul Aziz Abu Kafa'),
('ROBTTAB126', 'Resep Tab Omefulvin125mg', 'GRISEOFULVIN125MG', 'tab', '500', 0, 0, '', 'Abdul Aziz Abu Kafa'),
('ROBTTAB127', 'Resep Tab Amlodipine5mg', 'AMLODIPHINE5MG', 'tab', '500', 0, 0, '', 'Abdul Aziz Abu Kafa'),
('ROBTTAB128', 'Resep Tab EryraForte', 'ERITROMIYNFORTE', 'tab', '1500', 0, 0, '', 'Abdul Aziz Abu Kafa'),
('ROBTTAB129', 'Resep Tab Diastrix2mg', 'LOPERAMIDE2MG', 'tab', '500', 0, 0, '', 'Abdul Aziz Abu Kafa'),
('ROBTTAB13', 'Resep Tab Cavicur', 'CURCUMA', 'tab', '800', 0, 0, '', 'Abdul Aziz Abu Kafa'),
('ROBTTAB130', 'Resep Tab AntacidaDoen', 'ALUMINIUMHIDROXIDE MAGNESIUMHIDROXIDE', 'tab', '700', 0, 0, '', 'Abdul Aziz Abu Kafa'),
('ROBTTAB131', 'Resep Tab Selediar', 'ATTAPPULGITE PECTIN', 'tab', '500', 0, 0, '', 'Abdul Aziz Abu Kafa'),
('ROBTTAB132', 'Resep Tab Molagit', 'ATTAPPULGITE PECTIN', 'tab', '800', 0, 0, '', 'Abdul Aziz Abu Kafa'),
('ROBTTAB133', 'Resep Tab Alleron4mg', 'CHLORPHENAMINEMALEATE4MG', 'tab', '500', 0, 0, '', 'Abdul Aziz Abu Kafa'),
('ROBTTAB134', 'Resep Tab Milorin300mg', 'CLINDAMYCIN300MG', 'tab', '2100', 0, 0, '', 'Abdul Aziz Abu Kafa'),
('ROBTTAB135', 'Resep Tab Albiotin300mg', 'CLINDAMYCIN300MG', 'tab', '2700', 0, 0, '', 'Abdul Aziz Abu Kafa'),
('ROBTTAB136', 'Resep Tab DextralForte', 'DEXTROMETHORPHAN15MG GLYCERYLGUAICOLATE75MG PHENYLPROPANOLAMINE15MG CHLORPHENIRAMINEMALEAT2MG', 'tab', '900', 0, 0, '', 'Abdul Aziz Abu Kafa'),
('ROBTTAB137', 'Resep Tab Xepadergin4.5mg', 'XEPADERGIN4.5MG', 'tab', '8000', 0, 0, '', 'Abdul Aziz Abu Kafa'),
('ROBTTAB138', 'Resep Tab Brocon', 'PARACETAMOL500MG DEXTROMETHORPHAN10MG FENILEFRIN10MG KLORFENIRMINMALEAT2MG', 'tab', '550', 0, 0, '', 'Abdul Aziz Abu Kafa'),
('ROBTTAB139', 'Resep Tab Loratadine10mg', 'LORATADINE10MG', 'tab', '500', 0, 0, '', 'Abdul Aziz Abu Kafa'),
('ROBTTAB14', 'Resep Tab Caviplex', 'VITAMIN', 'tab', '2000', 0, 0, '', 'Abdul Aziz Abu Kafa'),
('ROBTTAB140', 'Resep Tab PSIDII', 'PSIDII', 'tab', '12000', 0, 0, '', 'Abdul Aziz Abu Kafa'),
('ROBTTAB141', 'Resep Tab Nimotop30mg', 'NIMODIPINE30MG', 'tab', '10000', 0, 0, '', 'Abdul Aziz Abu Kafa'),
('ROBTTAB142', 'Resep Tab Allopurinol100mg', 'ALLOPURINOL100MG', 'tab', '500', 0, 0, '', 'Abdul Aziz Abu Kafa'),
('ROBTTAB143', 'Resep Tab Lambucid', 'ALUMUNIUMHIDROXIDE330MG MAGNESIUMHIDROXIDE2300MG SIMETICON30MG', 'tab', '300', 0, 0, '', 'Abdul Aziz Abu Kafa'),
('ROBTTAB144', 'Resep Tab Azithromycin500mg', 'AZITHROMYCIN500MG', 'tab', '16000', 0, 0, '', 'Abdul Aziz Abu Kafa'),
('ROBTTAB145', 'Resep Tab Decasurik300mg', 'ALLOPURINOL300MG', 'tab', '1500', 0, 0, '', 'Abdul Aziz Abu Kafa'),
('ROBTTAB146', 'Resep Tab Cefadroxyl500mg', 'CEFADROXYL500MG', 'tab', '1300', 0, 0, '', 'Abdul Aziz Abu Kafa'),
('ROBTTAB147', 'Resep Tab Bisoprolol5mg', 'BISOPROLOL5MG', 'tab', '700', 0, 0, '', 'Abdul Aziz Abu Kafa'),
('ROBTTAB148', 'Resep Tab Hufralgin / hufalgrin', 'METHAMPYRON500MG THIAMIN50MG PYRIDOXINE100MG CYANOCOBALAMIN100MG', 'tab', '700', 0, 0, '', 'Abdul Aziz Abu Kafa'),
('ROBTTAB149', 'Resep Tab TrifamolPot', 'PARACETAMOL500MG', 'tab', '300', 0, 0, '', 'Abdul Aziz Abu Kafa'),
('ROBTTAB15', 'Resep Tab Cequalin', 'DEQUALINIUMCHLORIDEASCORBICACID', 'tab', '500', 0, 0, '', 'Abdul Aziz Abu Kafa'),
('ROBTTAB150', 'Resep Tab NutradonPot', 'PARACETAMOL500MG', 'tab', '300', 0, 0, '', 'Abdul Aziz Abu Kafa'),
('ROBTTAB151', 'Resep Tab Flutrop', 'PSEUDOEPHEDRINE HCL30MG TRIPROLIDINE HCL2,5MG', 'tab', '800', 0, 0, '', 'Abdul Aziz Abu Kafa'),
('ROBTTAB152', 'Resep Tab Novagesic650mg', 'PARACETAMOL650MG', 'tab', '500', 0, 0, '', 'Abdul Aziz Abu Kafa'),
('ROBTTAB153', 'Resep Tab Degirol0.25mg', 'DEQUALINIUMCHLORIDEASCORBICACID0.25MG', 'tab', '1800', 0, 0, '', 'Abdul Aziz Abu Kafa'),
('ROBTTAB154', 'Resep Tab Vertilon5Mg', 'FLUNARIZINE5MG', 'tab', '800', 0, 0, '', 'Abdul Aziz Abu Kafa'),
('ROBTTAB155', 'Resep Tab Cefixime100mg', 'CEFIXIME100MG', 'tab', '1800', 0, 0, '', 'Abdul Aziz Abu Kafa'),
('ROBTTAB156', 'Resep Tab GGPot100mg', 'GLYCERYLGUAICOLATE100MG', 'tab', '500', 0, 0, '', 'Abdul Aziz Abu Kafa'),
('ROBTTAB157', 'Resep Tab Meloxicam7.5mg', 'MELOXICAM7.5MG', 'tab', '500', 0, 0, '', 'Abdul Aziz Abu Kafa'),
('ROBTTAB158', 'Resep Tab Gabiten INTERHIS', 'MEBHYDROLINE50MG', 'tab', '800', 0, 0, '', 'Abdul Aziz Abu Kafa'),
('ROBTTAB159', 'Resep Tab TrifacortPot5mg', 'PREDNISON5MG', 'tab', '500', 0, 0, '', 'Abdul Aziz Abu Kafa'),
('ROBTTAB16', 'Resep Tab Clindamycin300mg', 'CLINDAMYCIN300MG', 'tab', '2200', 0, 0, '', 'Abdul Aziz Abu Kafa'),
('ROBTTAB160', 'Resep Tab DoloLicobin HUFRALGIN', 'METHAMPYRON500MG THIAMIN50MG PYRIDOXINE100MG CYANOCOBALAMIN100MG', 'tab', '600', 0, 0, '', 'Abdul Aziz Abu Kafa'),
('ROBTTAB161', 'Resep Tab Meloxicam15mg', 'MELOXICAM15MG', 'tab', '900', 0, 0, '', 'Abdul Aziz Abu Kafa'),
('ROBTTAB162', 'Resep Tab Teosal', 'SALBUTAMOL1MG THEOPHYLLINE130MG', 'tab', '500', 0, 0, '', 'Abdul Aziz Abu Kafa'),
('ROBTTAB163', 'Resep Tab Acarbose50mg', 'ACARBOSE50MG', 'tab', '2000', 0, 0, '', 'Abdul Aziz Abu Kafa'),
('ROBTTAB164', 'Resep Tab Sirplus', 'SACHARINE', 'tab', '500', 0, 0, '', 'Abdul Aziz Abu Kafa'),
('ROBTTAB165', 'Resep Tab Vadrol4mg', 'METHYLPREDNISOLONE4MG', 'tab', '500', 0, 0, '', 'Abdul Aziz Abu Kafa'),
('ROBTTAB166', 'Resep Tab Grafalin4mg', 'SALBUTAMOL4MG', 'tab', '500', 0, 0, '', 'Abdul Aziz Abu Kafa'),
('ROBTTAB167', 'Resep Tab PrimadexForte', 'TRIMETHOPRIM160MG SULFAMETHOXAZOLE800MG', 'tab', '800', 0, 0, '', 'Abdul Aziz Abu Kafa'),
('ROBTTAB168', 'Resep Tab CotrimTrimetropimForte', 'TRIMETHOPRIM160MG SULFAMETHOXAZOLE800MG', 'tab', '800', 0, 0, '', 'Abdul Aziz Abu Kafa'),
('ROBTTAB169', 'Resep Tab Omeproksil500mg', 'CIPROFLOXACIN500MG', 'tab', '600', 0, 0, '', 'Abdul Aziz Abu Kafa'),
('ROBTTAB17', 'Resep Tab Dacigra', 'CLINDAMYCIN300MG', 'tab', '3000', 0, 0, '', 'Abdul Aziz Abu Kafa'),
('ROBTTAB170', 'Resep Tab FgTroches', 'FRADIOMYCIN2.5MG GRAMICIDIN1MG', 'tab', '2000', 0, 0, '', 'Abdul Aziz Abu Kafa'),
('ROBTTAB171', 'Resep Tab Gravask10mg', 'AMLODIPHINE10MG', 'tab', '1200', 0, 0, '', 'Abdul Aziz Abu Kafa'),
('ROBTTAB172', 'Resep Tab Mirasic500mg', 'PARACETAMOL500MG', 'tab', '1000', 0, 0, '', 'Abdul Aziz Abu Kafa'),
('ROBTTAB173', 'Resep Tab Samquinor500mg', 'CIPROFLOXACIN500MG', 'tab', '750', 0, 0, '', 'Abdul Aziz Abu Kafa'),
('ROBTTAB174', 'Resep Tab Nexitra500mg', 'TRANEXAMICACID500MG', 'tab', '2000', 0, 0, '', 'Abdul Aziz Abu Kafa'),
('ROBTTAB175', 'Resep Tab Opistan500mg', 'MEFENAMICACID500MG', 'tab', '700', 0, 0, '', 'Abdul Aziz Abu Kafa'),
('ROBTTAB176', 'Resep Tab Farsifen200mg', 'IBUPROFEN200MG', 'tab', '500', 0, 0, '', 'Abdul Aziz Abu Kafa'),
('ROBTTAB177', 'Resep Tab Floxigra500mg', 'CIPROFLOXACIN500MG', 'tab', '800', 0, 0, '', 'Abdul Aziz Abu Kafa'),
('ROBTTAB178', 'Resep Tab Dacin300mg', 'CLINDAMYCIN300MG', 'tab', '2200', 0, 0, '', 'Abdul Aziz Abu Kafa'),
('ROBTTAB179', 'Resep Tab Wellmove250mg', 'GLUCOSAMINE250MG', 'tab', '4500', 0, 0, '', 'Abdul Aziz Abu Kafa'),
('ROBTTAB18', 'Resep Tab Danason0.5mg', 'DEXAMETHASONE0.5MG', 'tab', '500', 0, 0, '', 'Abdul Aziz Abu Kafa'),
('ROBTTAB180', 'Resep Tab AsparK', 'KLASPARTATE100MG LASPARTATE100MG BISBENTIAMINE10MG PYRIDOXINE5MG', 'tab', '4000', 0, 0, '', 'Abdul Aziz Abu Kafa'),
('ROBTTAB181', 'Resep Tab Hufadon10mg', 'DOMPERIDONE10MG', 'tab', '500', 0, 0, '', 'Abdul Aziz Abu Kafa'),
('ROBTTAB182', 'Resep Tab Farizol500mg', 'METRONIDAZOLE500MG', 'tab', '500', 0, 0, '', 'Abdul Aziz Abu Kafa'),
('ROBTTAB183', 'Resep Tab Levopar', 'LEVODOPA100MG BENSERAZIDE25MG', 'tab', '3000', 0, 0, '', 'Abdul Aziz Abu Kafa'),
('ROBTTAB184', 'Resep Tab Primavon', 'TRIMETHOPRIM160MG SULFAMETHOXAZOLE800MG', 'tab', '500', 0, 0, '', 'Abdul Aziz Abu Kafa'),
('ROBTTAB185', 'Resep Tab KSR600mg', 'POTASSIUMCHLORIDE600MG', 'tab', '6000', 0, 0, '', 'Abdul Aziz Abu Kafa'),
('ROBTTAB186', 'Resep Tab KonilifeLivergard', 'LIVERGARD', 'tab', '6000', 0, 0, '', 'Abdul Aziz Abu Kafa'),
('ROBTTAB187', 'Resep Tab Rifabiotic450mg', 'RIFAMPICIN450MG', 'tab', '2500', 0, 0, '', 'Abdul Aziz Abu Kafa'),
('ROBTTAB188', 'Resep Tab TridanFKC', '', 'tab', '10000', 0, 0, '', 'Abdul Aziz Abu Kafa'),
('ROBTTAB189', 'Resep Tab CarmaxFKC', '', 'tab', '10000', 0, 0, '', 'Abdul Aziz Abu Kafa'),
('ROBTTAB19', 'Resep Tab Daneuron', 'THIAMINENITRATE100MG PYRIDOXINE200MG CYANOCOBALAMINE200Mcg', 'tab', '700', 0, 0, '', 'Abdul Aziz Abu Kafa'),
('ROBTTAB190', 'Resep Tab IngeniumFKC', '', 'tab', '10000', 0, 0, '', 'Abdul Aziz Abu Kafa'),
('ROBTTAB191', 'Resep Tab CalcimagFKC', '', 'tab', '10000', 0, 0, '', 'Abdul Aziz Abu Kafa'),
('ROBTTAB192', 'Resep Tab MorningPowerFKC', '', 'tab', '10000', 0, 0, '', 'Abdul Aziz Abu Kafa'),
('ROBTTAB193', 'Resep Tab JoinAgainFKC', '', 'tab', '10000', 0, 0, '', 'Abdul Aziz Abu Kafa'),
('ROBTTAB194', 'Resep Tab StomapurFKC', '', 'tab', '10000', 0, 0, '', 'Abdul Aziz Abu Kafa'),
('ROBTTAB196', 'Resep Tab Citicoline500mg', 'CITICOLINE500MG', 'tab', '11000', 0, 0, '', 'Abdul Aziz Abu Kafa'),
('ROBTTAB197', '', '', '', '400', 0, 0, '', 'Abdul Aziz Abu Kafa'),
('ROBTTAB198', 'Resep Tab Citoviflex', 'VITAMIN', 'tab', '700', 0, 0, '', 'Abdul Aziz Abu Kafa'),
('ROBTTAB199', 'Resep Tab Allopurinol300mg', 'ALLOPURINOL300MG', 'tab', '700', 0, 0, '', 'Abdul Aziz Abu Kafa'),
('ROBTTAB20', 'Resep Tab Beneuron', 'VITAMIN', 'tab', '1000', 0, 0, '', 'Abdul Aziz Abu Kafa'),
('ROBTTAB200', 'Resep Tab Bronsolvan150mg THEOPHYLLINE150MG', 'HEOPHYLLINE150MG', 'tab', '600', 0, 0, '', 'Abdul Aziz Abu Kafa'),
('ROBTTAB201', 'Resep Tab OndanSetron4mg', 'ONDANSETRON4MG', 'tab', '3000', 0, 0, '', 'Abdul Aziz Abu Kafa'),
('ROBTTAB202', 'Resep Tab Pronam CYPROHEPTADINEHCI', 'CYPROHEPTADINEHCI', 'tab', '500', 0, 0, '', 'Abdul Aziz Abu Kafa'),
('ROBTTAB203', 'Resep Tab Misotab0.2mg', 'MISOPROSTOL0.2MG', 'tab', '30000', 0, 0, '', 'Abdul Aziz Abu Kafa'),
('ROBTTAB204', 'Resep Tab Elsiron', 'PARACETAMOL650MG GLISERILGUAILACOLATE100MG PHENYLPROPANOLAMINE2MGMG CHLORPHENAMINEMALEAT2MG', 'tab', '800', 0, 0, '', 'Abdul Aziz Abu Kafa'),
('ROBTTAB205', 'Resep Tab Scopma10mg', 'HYOSCINE10MG', 'tab', '1600', 0, 0, '', 'Abdul Aziz Abu Kafa'),
('ROBTTAB206', 'Resep Tab Candesartan8mg', 'CANDESARTAN8MG', 'tab', '5000', 0, 0, '', 'Abdul Aziz Abu Kafa'),
('ROBTTAB207', 'Resep Tab Seremig10mg', 'FLUNARIZINEDIHYDROCHLORIDE10MG', 'tab', '950', 0, 0, '', 'Abdul Aziz Abu Kafa'),
('ROBTTAB208', 'Resep Tab Simvastatin20mg', 'SIMVASTATIN20MG', 'tab', '1400', 0, 0, '', 'Abdul Aziz Abu Kafa'),
('ROBTTAB209', 'Resep Tab Thiamex500mg', 'THIAMPHENICOL500MG', 'tab', '1700', 0, 0, '', 'Abdul Aziz Abu Kafa'),
('ROBTTAB21', 'Resep Tab Demacolin', 'PARACETAMOL500MG PSEUDOEFEDRIN7.5MG KLORFENIRAMIN MALEAT2MG', 'tab', '700', 0, 0, '', 'Abdul Aziz Abu Kafa'),
('ROBTTAB210', 'Resep Tab Histigo', 'BETAHISTINE6MG', 'tab', '800', 0, 0, '', 'Abdul Aziz Abu Kafa'),
('ROBTTAB211', 'Resep Tab Flumin', 'PARACETAMOL300MG PHENYLPROPANOLAMINE15MG CHLORPHENIRAMINEMALEAT2MG', 'tab', '500', 0, 0, '', 'Abdul Aziz Abu Kafa'),
('ROBTTAB212', 'Resep Tab Prosmeto', 'RPOSTAKUR', 'tab', '5500', 0, 0, '', 'Abdul Aziz Abu Kafa'),
('ROBTTAB213', 'Resep Tab Zinc20mg', 'ZINCSULFATEMONOHYRATE20MG', 'tab', '700', 0, 0, '', 'Abdul Aziz Abu Kafa'),
('ROBTTAB214', 'Resep Tab Ermethasone0.5mg', 'DEXAMETHASONE0.5MG', 'tab', '400', 0, 0, '', 'Abdul Aziz Abu Kafa'),
('ROBTTAB215', 'Resep Tab Hufamycetin250mg', 'CHLORAMPHENICOL250MG', 'tab', '1000', 0, 0, '', 'Abdul Aziz Abu Kafa'),
('ROBTTAB216', 'Resep Tab Prostakur', 'PROSTAKUR', 'tab', '6000', 0, 0, '', 'Abdul Aziz Abu Kafa'),
('ROBTTAB217', 'Resep Tab Ometilson4mg', 'METHYLPREDNISOLONE4MG', 'tab', '600', 0, 0, '', 'Abdul Aziz Abu Kafa'),
('ROBTTAB218', 'Resep Tab Vadrol8mg', 'METHYLPREDNISOLONE8MG', 'tab', '750', 0, 0, '', 'Abdul Aziz Abu Kafa'),
('ROBTTAB219', 'Resep Tab Moxigra500mg', 'AMOXICILINTRIHYDRATE500MG', 'tab', '600', 0, 0, '', 'Abdul Aziz Abu Kafa');
INSERT INTO `obat` (`id`, `obat`, `jenis`, `satuan`, `harga`, `stok`, `minim`, `note`, `user`) VALUES
('ROBTTAB22', 'Resep Tab DexaHarsen0.5mg', 'DEXAMETHASONE 0.5MG', 'tab', '400', 0, 0, '', 'Abdul Aziz Abu Kafa'),
('ROBTTAB220', 'Resep Tab SildenafilCitrate100mg', 'SILDENAFILCITRATE100MG', 'tab', '75000', 0, 0, '', 'Abdul Aziz Abu Kafa'),
('ROBTTAB221', 'Resep Tab Simvastatin10mg', 'SIMVASTATIN10MG', 'tab', '500', 0, 0, '', 'Abdul Aziz Abu Kafa'),
('ROBTTAB222', 'Resep Tab Medikon500mg', 'CITICOLINE500MG', 'tab', '10000', 0, 0, '', 'Abdul Aziz Abu Kafa'),
('ROBTTAB223', 'Resep Tab Ambeven', 'AMBEVEN', 'tab', '2500', 0, 0, '', 'Abdul Aziz Abu Kafa'),
('ROBTTAB224', 'Resep Tab Norpid20mg', 'SIMVASTATIN20MG', 'tab', '800', 0, 0, '', 'Abdul Aziz Abu Kafa'),
('ROBTTAB225', 'Resep Tab Selvim20mg', 'SIMVASTATIN20MG', 'tab', '800', 0, 0, '', 'Abdul Aziz Abu Kafa'),
('ROBTTAB226', 'Resep Tab Biomega', 'METHAMPYRON500MG THIAMIN50MG PYRIDOXINE50MG CYANOCOBALAMIN100MG', 'tab', '800', 0, 0, '', 'Abdul Aziz Abu Kafa'),
('ROBTTAB227', 'Resep Tab Ondanostin4mg', 'ONDANSETRON4MG', 'tab', '2000', 0, 0, '', 'Abdul Aziz Abu Kafa'),
('ROBTTAB228', 'Resep Tab Ramoxyl500mg', 'AMOXICILINTRIHYDRATE500MG', 'tab', '600', 0, 0, '', 'Abdul Aziz Abu Kafa'),
('ROBTTAB229', 'Resep Tab Tifestan500mg', 'MEFENAMICACID500MG', 'tab', '700', 0, 0, '', 'Abdul Aziz Abu Kafa'),
('ROBTTAB23', 'Resep Tab DexteemPlus', 'DEXCHLORPHENIRAMINEMALEAT DEXAMETHASONE', 'tab', '500', 0, 0, '', 'Abdul Aziz Abu Kafa'),
('ROBTTAB230', 'Resep Tab Placta75mg', 'CLOPIDOGREL75MG', 'tab', '4000', 0, 0, '', 'Abdul Aziz Abu Kafa'),
('ROBTTAB231', 'Resep Tab Trifastan500mg', 'MEFENAMICACID500MG', 'tab', '700', 0, 0, '', 'Abdul Aziz Abu Kafa'),
('ROBTTAB232', 'Resep Tab Quantidex', 'PSEUDOEFEDRIN60MG TRIPROLIDIN2.5MG', 'tab', '1000', 0, 0, '', 'Abdul Aziz Abu Kafa'),
('ROBTTAB233', 'Resep Tab LicokalkPlus', 'CALCIUM VITAMIND', 'tab', '1000', 0, 0, '', 'Abdul Aziz Abu Kafa'),
('ROBTTAB234', 'Resep Tab Rifabiotic600mg', 'RIFAMPICIN600MG', 'tab', '4600', 0, 0, '', 'Abdul Aziz Abu Kafa'),
('ROBTTAB235', 'Resep Tab Fenamin500mg', 'MEFENAMICACID500MG', 'tab', '700', 0, 0, '', 'Abdul Aziz Abu Kafa'),
('ROBTTAB236', 'Resep Tab Zoline50mg', 'MEBHYDROLINE50MG', 'tab', '700', 0, 0, '', 'Abdul Aziz Abu Kafa'),
('ROBTTAB237', 'Resep Tab Fasidol650mg', 'PARACETAMOL650MG', 'tab', '500', 0, 0, '', 'Abdul Aziz Abu Kafa'),
('ROBTTAB238', 'Resep Tab Suprabiotic500mg', 'TETRACYCLINEHCI500MG', 'tab', '1300', 0, 0, '', 'Abdul Aziz Abu Kafa'),
('ROBTTAB239', 'Resep Tab Gastricon200mg', 'CIMETIDIN200MG', 'tab', '700', 0, 0, '', 'Abdul Aziz Abu Kafa'),
('ROBTTAB24', 'Resep Tab Dionicol', 'THIAMPHENICOL500MG', 'tab', '1800', 0, 0, '', 'Abdul Aziz Abu Kafa'),
('ROBTTAB240', 'Resep Tab Omemox500mg', 'AMOXICILINTRIHYDRATE500MG', 'tab', '600', 0, 0, '', 'Abdul Aziz Abu Kafa'),
('ROBTTAB241', 'Resep Tab Mirasic650mg', 'PARACETAMOL650MG', 'tab', '700', 0, 0, '', 'Abdul Aziz Abu Kafa'),
('ROBTTAB242', 'Resep Tab Yusimox500mg', 'AMOXICILINTRIHYDRATE500MG', 'tab', '700', 0, 0, '', 'Abdul Aziz Abu Kafa'),
('ROBTTAB243', 'Resep Tab InfatrimForte', 'TRIMETHOPRIM160MG SULFAMETHOXAZOLE800MG', 'tab', '700', 0, 0, '', 'Abdul Aziz Abu Kafa'),
('ROBTTAB244', 'Resep Tab Scanidin DEXTRALFORTE', 'DEXTROMETHORPHAN15MG DHIPHENHYDRAMINE10MG', 'tab', '700', 0, 0, '', 'Abdul Aziz Abu Kafa'),
('ROBTTAB245', 'Resep Tab Sevotam800mg', 'PYRACETAM800MG', 'tab', '1000', 0, 0, '', 'Abdul Aziz Abu Kafa'),
('ROBTTAB246', 'Resep Tab Microtina125mg', 'CHLORAMPHENICOL125MG', 'tab', '900', 0, 0, '', 'Abdul Aziz Abu Kafa'),
('ROBTTAB247', 'Resep Tab PTU100mg', 'PROPYLTHIORACIL100mg', 'tab', '900', 0, 0, '', 'Abdul Aziz Abu Kafa'),
('ROBTTAB248', 'Resep Tab Spasminal', 'HYOSCINE10MG PARACETAMOL500MG', 'tab', '1150', 0, 0, '', 'Abdul Aziz Abu Kafa'),
('ROBTTAB249', 'Resep Tab Mexon', 'DEXCHLORPHENIRAMINEMALEAT DEXAMETHASONE', 'tab', '500', 0, 0, '', 'Abdul Aziz Abu Kafa'),
('ROBTTAB25', 'Resep Tab Enatin', 'OLEUMLINI150MG OLEOUMJUNIPERI50MG OLEUMMENTHAPIPERITAE50MG', 'tab', '3000', 0, 0, '', 'Abdul Aziz Abu Kafa'),
('ROBTTAB250', 'Resep Tab Zultrop', 'TRIMETHOPRIM80MG SULFAMETHOXAZOLE400MG', 'tab', '500', 0, 0, '', 'Abdul Aziz Abu Kafa'),
('ROBTTAB251', 'Resep Tab Purinic 300mg', 'ALLOPURINOL300MG', 'tab', '700', 0, 0, '', 'Abdul Aziz Abu Kafa'),
('ROBTTAB252', 'Resep Tab Ondansetron8mg', 'ONDANSETRON80MG', 'tab', '3000', 0, 0, '', 'Abdul Aziz Abu Kafa'),
('ROBTTAB253', 'Resep Tab Doxycycline100mg', 'DOXYCYCLINE100MG', 'tab', '700', 0, 0, '', 'Abdul Aziz Abu Kafa'),
('ROBTTAB254', 'Resep Tab Diaramid2mg', 'LOPERAMIDE2MG', 'tab', '700', 0, 0, '', 'Abdul Aziz Abu Kafa'),
('ROBTTAB255', 'Resep Tab Parafen', 'PARASETAMOL350MG IBUPROFEN200MG', 'tab', '500', 0, 0, '', 'Abdul Aziz Abu Kafa'),
('ROBTTAB256', 'Resep Tab Selvim10mg', 'SIMVASTATIN10MG', 'tab', '500', 0, 0, '', 'Abdul Aziz Abu Kafa'),
('ROBTTAB257', 'Resep Tab Kurkumex', 'LIVERGARD', 'tab', '1000', 0, 0, '', 'Abdul Aziz Abu Kafa'),
('ROBTTAB258', 'Resep Tab Erphacyp4mg', 'CIPROHEPTADINE4MG', 'tab', '700', 0, 0, '', 'Abdul Aziz Abu Kafa'),
('ROBTTAB259', 'Resep Tab CalcixD', 'CALCIUM VITAMIND', 'tab', '1000', 0, 0, '', 'Abdul Aziz Abu Kafa'),
('ROBTTAB26', 'Resep Tab Erbifin METRONIDAZOLE', 'METRONIDAZOLE500MG', 'tab', '700', 0, 0, '', 'Abdul Aziz Abu Kafa'),
('ROBTTAB260', 'Resep Tab CoAmoxiclav', 'AMOXICILINTRIHYDRATE500MG CLAVULANICACID125MG', 'tab', '7500', 0, 0, '', 'Abdul Aziz Abu Kafa'),
('ROBTTAB261', 'Resep Tab Kolicgon', 'HYOSCINE10MG PARACETAMOL500MG', 'tab', '1800', 0, 0, '', 'Abdul Aziz Abu Kafa'),
('ROBTTAB262', 'Resep Tab Allopurinol300mg', 'ALLOPURINOL300MG', 'tab', '700', 0, 0, '', 'Abdul Aziz Abu Kafa'),
('ROBTTAB263', 'Resep Tab Ramabion', 'VitFE FERROGLUCONATE,COPPERSULFATE,MANGANESE,FOLICACID,VITAMINC,B12', 'tab', '700', 0, 0, '', 'Abdul Aziz Abu Kafa'),
('ROBTTAB264', 'Resep Tab Farmoten25mg', 'CAPTOPRIL25MG', 'tab', '800', 0, 0, '', 'Abdul Aziz Abu Kafa'),
('ROBTTAB265', 'Resep Tab Etabion FE', 'FE', 'tab', '700', 0, 0, '', 'Abdul Aziz Abu Kafa'),
('ROBTTAB266', 'Resep Tab Trifadium2mg', 'LOPERAMIDE2MG', 'tab', '700', 0, 0, '', 'Abdul Aziz Abu Kafa'),
('ROBTTAB267', 'Resep Tab Nodrof', 'PARACETAMOL650MG PHENYLPROPANOLAMINE10MG DIPHENHYDRAMINE15MG', 'tab', '800', 0, 0, '', 'Abdul Aziz Abu Kafa'),
('ROBTTAB268', 'Resep Tab Omeneuron', 'THIAMINENITRATE100MG PYRIDOXINE200MG CYANOCOBALAMINE200Mcg', 'tab', '1000', 0, 0, '', 'Abdul Aziz Abu Kafa'),
('ROBTTAB269', 'Resep Tab Bional', 'FE', 'tab', '1000', 0, 0, '', 'Abdul Aziz Abu Kafa'),
('ROBTTAB27', 'Resep Tab Erkade', 'CALCIUM', 'tab', '500', 0, 0, '', 'Abdul Aziz Abu Kafa'),
('ROBTTAB270', 'Resep Tab Folamef400mg', 'ASAMFOLAT400MG', 'tab', '700', 0, 0, '', 'Abdul Aziz Abu Kafa'),
('ROBTTAB271', 'Resep Tab Folamef1000mg', 'ASAMFOLAT1000MG', 'tab', '700', 0, 0, '', 'Abdul Aziz Abu Kafa'),
('ROBTTAB272', 'Resep Tab Prenase', 'VITAMIN HAMIL', 'tab', '700', 0, 0, '', 'Abdul Aziz Abu Kafa'),
('ROBTTAB273', 'Resep Tab Suprabion', 'FE', 'tab', '1000', 0, 0, '', 'Abdul Aziz Abu Kafa'),
('ROBTTAB274', 'Resep Tab Mirabion', 'FE', 'tab', '1000', 0, 0, '', 'Abdul Aziz Abu Kafa'),
('ROBTTAB275', 'Resep Tab OmegaVit', 'FE', 'tab', '1000', 0, 0, '', 'Abdul Aziz Abu Kafa'),
('ROBTTAB276', 'Resep Tab Folaxin400MG', 'ASAMFOLAT400MG', 'tab', '700', 0, 0, '', 'Abdul Aziz Abu Kafa'),
('ROBTTAB277', 'Resep Tab Harnal', 'PROSTAKUR', 'tab', '6500', 0, 0, '', 'Abdul Aziz Abu Kafa'),
('ROBTTAB278', 'Resep Tab Grafazol500mg', 'METRONIDAZOLE500MG', 'tab', '700', 0, 0, '', 'Abdul Aziz Abu Kafa'),
('ROBTTAB279', 'Resep Tab Mixalgin', 'METAMIZOLE500MG THIAMINE50MG PYRIDOXINE10MG CYANOCOBALAMIN10MG CAFFEINE50MG', 'tab', '700', 0, 0, '', 'Abdul Aziz Abu Kafa'),
('ROBTTAB28', 'Resep Tab Erlamol650mg', 'PARACETAMOL650MG', 'tab', '500', 0, 0, '', 'Abdul Aziz Abu Kafa'),
('ROBTTAB280', 'Resep Tab Erlapect30mg', 'AMROXOL30MG', 'tab', '500', 0, 0, '', 'Abdul Aziz Abu Kafa'),
('ROBTTAB281', 'Resep Tab Erlapur100mg', 'ALLOPURINOL100MG', 'tab', '500', 0, 0, '', 'Abdul Aziz Abu Kafa'),
('ROBTTAB282', 'Resep Tab Neoremat', 'PARACETAMOL350MG IBUPROFEN200MG', 'tab', '700', 0, 0, '', 'Abdul Aziz Abu Kafa'),
('ROBTTAB283', 'Resep Tab Tasdiar2mg', 'LOPERAMIDEHCL2MG', 'tab', '500', 0, 0, '', 'Abdul Aziz Abu Kafa'),
('ROBTTAB284', 'Resep Tab Imodiar2mg', 'LOPERAMIDEHCL2MG', 'tab', '500', 0, 0, '', 'Abdul Aziz Abu Kafa'),
('ROBTTAB285', 'Resep Tab Faridexon0,75', 'DEXAMETHASONE0,75', 'tab', '500', 0, 0, '', 'Abdul Aziz Abu Kafa'),
('ROBTTAB286', 'Resep Tab Lanadexone0,5', 'DEXAMETHASONE0,5', 'tab', '500', 0, 0, '', 'Abdul Aziz Abu Kafa'),
('ROBTTAB287', 'Resep Tab Novakal', 'CALCIUMLACTATE500MG', 'tab', '700', 0, 0, '', 'Abdul Aziz Abu Kafa'),
('ROBTTAB288', 'Resep Tab Etafen400mg', 'IBUPROFEN400MG', 'tab', '700', 0, 0, '', 'Abdul Aziz Abu Kafa'),
('ROBTTAB289', 'Resep Tab Hicholfen100mg', 'FENOFIBRATE100MG', 'tab', '2000', 0, 0, '', 'Abdul Aziz Abu Kafa'),
('ROBTTAB29', 'Resep Tab Erlamoxy500mg', 'AMOXICILINTRIHYDRATE500MG', 'tab', '850', 0, 0, '', 'Abdul Aziz Abu Kafa'),
('ROBTTAB290', 'Resep Tab Grantusip', 'DEXTROMETHORPHAN HBR15MG GLICERYLGUAIACOLAT100MG DIPHENHYDRAMINE HCL5MG', 'tab', '700', 0, 0, '', 'Abdul Aziz Abu Kafa'),
('ROBTTAB291', 'Resep Tab Laxana5mg', 'BISACODYL5MG', 'tab', '700', 0, 0, '', 'Abdul Aziz Abu Kafa'),
('ROBTTAB292', 'Resep Tab Samrox20mg', 'PIROXICAM20MG', 'tab', '700', 0, 0, '', 'Abdul Aziz Abu Kafa'),
('ROBTTAB293', 'Resep Tab Prostam', 'TAMSULOSINHCL 400MCG', 'tab', '6500', 0, 0, '', 'Abdul Aziz Abu Kafa'),
('ROBTTAB294', 'Resep Tab Hufaflox500MG', 'CIPROFLOXACIN500MG', 'tab', '700', 0, 0, '', 'Abdul Aziz Abu Kafa'),
('ROBTTAB295', 'Resep Tab Farsifen400mg', 'IBUPROFEN400MG', 'tab', '500', 0, 0, '', 'Abdul Aziz Abu Kafa'),
('ROBTTAB296', 'Resep Tab Kaditic50mg', 'DICLOFENAC POTASSIUM 50mg', 'tab', '600', 0, 0, '', 'Abdul Aziz Abu Kafa'),
('ROBTTAB297', 'Resep Tab Interhistin50mg', 'MEBHYDROLINE50MG', 'tab', '1200', 0, 0, '', 'Abdul Aziz Abu Kafa'),
('ROBTTAB298', 'Resep Tab CalciD', 'CALCIUMPHOSPATE333,34MG CALCIUMCITRATE666,66MG VITAMIND3400IU', 'tab', '2500', 0, 0, '', 'Abdul Aziz Abu Kafa'),
('ROBTTAB299', 'Resep Tab GestiaminPluz', 'VITAMINHAMIL', 'tab', '2000', 0, 0, '', 'Abdul Aziz Abu Kafa'),
('ROBTTAB30', 'Resep Tab Erlatam', 'PIRACETAM800MG', 'tab', '1000', 0, 0, '', 'Abdul Aziz Abu Kafa'),
('ROBTTAB300', 'Resep Tab Voldiamer', 'PYRATHIAZIN ETHEOCLATE40MGPYRIDOXINEHCL37,5MG', 'tab', '3500', 0, 0, '', 'Abdul Aziz Abu Kafa'),
('ROBTTAB301', 'Resep Tab EmturnasForte 650mg', 'PARACETAMOL650MG', 'tab', '500', 0, 0, '', 'Abdul Aziz Abu Kafa'),
('ROBTTAB302', 'Resep Tab NatriumDiclofenac50MG', 'NATRIUMDICLOFENAC50MG', 'tab', '700', 0, 0, '', 'Abdul Aziz Abu Kafa'),
('ROBTTAB303', 'Resep Tab Novagesic500mg', 'PARACETAMOL500MG', 'tab', '500', 0, 0, '', 'Abdul Aziz Abu Kafa'),
('ROBTTAB304', 'Resep Tab Fenofibrate100mg', 'FENOFIBRATE100MG', 'tab', '3500', 0, 0, '', 'Abdul Aziz Abu Kafa'),
('ROBTTAB305', 'Resep Tab Bimacyl', 'IBUPROFEN200MG PARACETAMOL350MG', 'tab', '500', 0, 0, '', 'Abdul Aziz Abu Kafa'),
('ROBTTAB306', 'Resep Tab Omedrinat 50mg', 'DIMENHYDRINATE50MG', 'tab', '700', 0, 0, '', 'Abdul Aziz Abu Kafa'),
('ROBTTAB307', 'Resep Tab TrimetraForte', 'TRIMOTHOPRIM160MG SULFAMETHOXAZOLE800MG', 'tab', '700', 0, 0, '', 'Abdul Aziz Abu Kafa'),
('ROBTTAB308', 'Resep Tab Propanolol10', 'PROPANOLOL10MG', 'tab', '500', 0, 0, '', 'Abdul Aziz Abu Kafa'),
('ROBTTAB309', 'Resep Tab Renadinac50MG', 'NATRIUM DICLOFENAC50MG', 'tab', '700', 0, 0, '', 'Abdul Aziz Abu Kafa'),
('ROBTTAB31', 'Resep Tab Ermethason0.75mg', 'DEXAMETHASONE 0.75MG', 'tab', '400', 0, 0, '', 'Abdul Aziz Abu Kafa'),
('ROBTTAB310', 'Resep Tab Fenaren50mg', 'DICLOFENAC SODIUM50MG', 'tab', '700', 0, 0, '', 'Abdul Aziz Abu Kafa'),
('ROBTTAB311', 'Resep Tab Hufadine150mg', 'RANITIDINE150MG', 'tab', '500', 0, 0, '', 'Abdul Aziz Abu Kafa'),
('ROBTTAB312', 'Resep Tab Tidifar400mg', 'CIMETIDINE400MG', 'tab', '7000', 0, 0, '', 'Abdul Aziz Abu Kafa'),
('ROBTTAB313', 'Resep Tab Grafadon Forte 650mg', 'PARACETAMOL650MG', 'tab', '500', 0, 0, '', 'Abdul Aziz Abu Kafa'),
('ROBTTAB314', 'Resep Tab Omegdiar', 'KAOLIN700MG PECTIN50MG', 'tab', '700', 0, 0, '', 'Abdul Aziz Abu Kafa'),
('ROBTTAB315', 'Resep Tab Folarin400mg', 'ASAMFOLAT400MG', 'tab', '700', 0, 0, '', 'Abdul Aziz Abu Kafa'),
('ROBTTAB316', 'Resep Tab FitbesForce', 'VITAMIN', 'tab', '4200', 0, 0, '', 'Abdul Aziz Abu Kafa'),
('ROBTTAB317', 'Resep Tab FeBion', 'FE', 'tab', '1000', 0, 0, '', 'Abdul Aziz Abu Kafa'),
('ROBTTAB318', 'Resep Tab Asonfen0,5mg', 'DEXAMETHASON0,5', 'tab', '500', 0, 0, '', 'Abdul Aziz Abu Kafa'),
('ROBTTAB319', 'Resep Tab Panstonal500mg', 'MEFENAMIC ACID500MG', 'tab', '700', 0, 0, '', 'Abdul Aziz Abu Kafa'),
('ROBTTAB32', 'Resep Tab Ermuno', 'VITAMIN', 'tab', '1700', 0, 0, '', 'Abdul Aziz Abu Kafa'),
('ROBTTAB320', 'Resep Tab Plasminex500mg', 'TRANEXAMIC ACID500MG', 'tab', '5000', 0, 0, '', 'Abdul Aziz Abu Kafa'),
('ROBTTAB321', 'Resep Tab VitC', 'VITAMINC', 'tab', '500', 0, 0, '', 'Abdul Aziz Abu Kafa'),
('ROBTTAB322', 'Resep Tab Dobrizol30MG', 'LANSOPRAZOLE30MG', 'tab', '1400', 0, 0, '', 'Abdul Aziz Abu Kafa'),
('ROBTTAB323', 'Resep Tab Nephrolit', 'BATUURINDISALURANKEMIH', 'tab', '800', 0, 0, '', 'Abdul Aziz Abu Kafa'),
('ROBTTAB324', 'Resep Tab Cimetidine 400mg', 'CIMETIDINE400MG', 'tab', '850', 0, 0, '', 'Abdul Aziz Abu Kafa'),
('ROBTTAB325', 'Resep Tab Solvitral', 'VITAMIN', 'tab', '900', 0, 0, '', 'Abdul Aziz Abu Kafa'),
('ROBTTAB326', 'Resep Tab Dapyrin500mg', 'PARACETAMOL500MG', 'tab', '500', 0, 0, '', 'Abdul Aziz Abu Kafa'),
('ROBTTAB327', 'Resep Tab Pacetik500mg', 'PARACETAMOL500MG', 'tab', '500', 0, 0, '', 'Abdul Aziz Abu Kafa'),
('ROBTTAB328', 'Resep Tab Zetamol650mg', 'PARACETAMOL650MG', 'tab', '500', 0, 0, '', 'Abdul Aziz Abu Kafa'),
('ROBTTAB329', 'Resep Tab Oratemp650mg', 'PARACETAMOL650MG', 'tab', '500', 0, 0, '', 'Abdul Aziz Abu Kafa'),
('ROBTTAB33', 'Resep Tab Erphaflam50mg', 'DICLOFENACPOTASSIUM50mg', 'tab', '600', 0, 0, '', 'Abdul Aziz Abu Kafa'),
('ROBTTAB330', 'Resep Tab Calvita', 'VITAMIN', 'tab', '700', 0, 0, '', 'Abdul Aziz Abu Kafa'),
('ROBTTAB331', 'Resep Tab Acyclovir200mg', 'ACYCLOVIR200MG', 'tab', '1000', 0, 0, '', 'Abdul Aziz Abu Kafa'),
('ROBTTAB332', 'Resep Tab Lansogra 30mg', 'LANSOPRAZOLE30MG', 'tab', '1000', 0, 0, '', 'Abdul Aziz Abu Kafa'),
('ROBTTAB333', 'Resep Tab Metamol500MG', 'PARACETAMOL500MG', 'tab', '500', 0, 0, '', 'Abdul Aziz Abu Kafa'),
('ROBTTAB334', 'Resep Tab BronchifarPlus', 'PARACETAMOL500MG GUAIFENESIN100MG DEXTROMETHORPHANHBr15MG PHENYLPROPANOLAMINEHCL15MG CHLORPHENIRAMIN', 'tab', '700', 0, 0, '', 'Abdul Aziz Abu Kafa'),
('ROBTTAB335', 'Resep Tab Amlodipine10mg', 'AMLODIPINE10MG', 'tab', '700', 0, 0, '', 'Abdul Aziz Abu Kafa'),
('ROBTTAB336', 'Resep Tab Piracetam800mg', 'PIRACETAM800MG', 'tab', '800', 0, 0, '', 'Abdul Aziz Abu Kafa'),
('ROBTTAB337', 'Resep Tab Piroxicam20mg', 'PIROXICAM20MG', 'tab', '500', 0, 0, '', 'Abdul Aziz Abu Kafa'),
('ROBTTAB338', 'Resep Tab Diapect', 'ATTAPULGITE650MG PECTIN50MG', 'tab', '500', 0, 0, '', 'Abdul Aziz Abu Kafa'),
('ROBTTAB339', 'Resep Tab Ketoprofen100MG', 'KETOPROFEN100MG', 'tab', '1500', 0, 0, '', 'Abdul Aziz Abu Kafa'),
('ROBTTAB34', 'Resep Tab Erphamol500mg', 'PARACETAMOL500MG', 'tab', '500', 0, 0, '', 'Abdul Aziz Abu Kafa'),
('ROBTTAB340', 'Resep Tab Furosemid 40mg', 'FUROSEMIDE40MG', 'tab', '500', 0, 0, '', 'Abdul Aziz Abu Kafa'),
('ROBTTAB341', 'Resep Tab Dexteem2mg', 'DEXCHLORPHENIRAMINEMALEAT2MG', 'tab', '500', 0, 0, '', 'Abdul Aziz Abu Kafa'),
('ROBTTAB342', 'Resep Tab Bimaflox500mg', 'CIPROFLOXACIN500MG', 'tab', '700', 0, 0, '', 'Abdul Aziz Abu Kafa'),
('ROBTTAB343', 'Resep Tab Mantino50mg', 'DIMENHYDRINATE50MG', 'tab', '500', 0, 0, '', 'Abdul Aziz Abu Kafa'),
('ROBTTAB344', 'Resep Tab Clopidogrel75mg', 'CLOPIDOGREL75MG', 'tab', '2500', 0, 0, '', 'Abdul Aziz Abu Kafa'),
('ROBTTAB345', 'Resep Tab Asifit', 'VITAMINASI', 'tab', '3000', 0, 0, '', 'Abdul Aziz Abu Kafa'),
('ROBTTAB346', 'Resep Tab HerbatiaSariImuno', 'VITAMIN', 'tab', '1200', 0, 0, '', 'Abdul Aziz Abu Kafa'),
('ROBTTAB347', 'Resep Tab HerbatiaSariOxyfit', 'VITAMIN', 'tab', '1200', 0, 0, '', 'Abdul Aziz Abu Kafa'),
('ROBTTAB348', 'Resep Tab NoritCaplang', 'KARBONAKTIVATUS125MG EXCIPIENTSAD325MG', 'tab', '700', 0, 0, '', 'Abdul Aziz Abu Kafa'),
('ROBTTAB349', 'Resep Tab Dopamet250mg', 'METHYLDOPA250MG', 'tab', '3500', 0, 0, '', 'Abdul Aziz Abu Kafa'),
('ROBTTAB35', 'Resep Tab Erphamol650mg', 'PARACETAMOL650MG', 'tab', '500', 0, 0, '', 'Abdul Aziz Abu Kafa'),
('ROBTTAB350', 'Resep Tab Vidabion', 'FE', 'tab', '1000', 0, 0, '', 'Abdul Aziz Abu Kafa'),
('ROBTTAB351', 'Resep Tab Blivit B1', 'VITAMIN', 'tab', '500', 0, 0, '', 'Abdul Aziz Abu Kafa'),
('ROBTTAB352', 'Resep Tab Dimenhydrinate50mg', 'DIMENHYDRINATE50MG', 'tab', '500', 0, 0, '', 'Abdul Aziz Abu Kafa'),
('ROBTTAB353', 'Resep Tab Daiticin500mg', 'THIAMPHENICOL500MG', 'tab', '2300', 0, 0, '', 'Abdul Aziz Abu Kafa'),
('ROBTTAB354', 'Resep Tab Denicam20mg', 'PIROXICAM20MG', 'tab', '500', 0, 0, '', 'Abdul Aziz Abu Kafa'),
('ROBTTAB355', 'Resep Tab Fenofibrate300mg', 'FENOFIBRATE300MG', 'tab', '4500', 0, 0, '', 'Abdul Aziz Abu Kafa'),
('ROBTTAB356', 'Resep Tab Sopros 0,2mg', 'MISOPROSTOL0,2MG', 'tab', '30000', 0, 0, '', 'Abdul Aziz Abu Kafa'),
('ROBTTAB357', 'Resep Tab ErphatrimForte', 'TRIMETHOPRIM160MG SULFAMETHOXAZOLE800MG', 'tab', '800', 0, 0, '', 'Abdul Aziz Abu Kafa'),
('ROBTTAB358', 'Resep Tab NeoErphaVitalgin', 'METAMIZOLE500MG VITAMINB150MG VITAMINB6100MG VITAMINB12100MCG', 'tab', '700', 0, 0, '', 'Abdul Aziz Abu Kafa'),
('ROBTTAB359', 'Resep Tab Omegesic', 'METAMPIRON500MG VITAMINB150MG VITAMINB6100MG VITAMINB12100MCG', 'tab', '700', 0, 0, '', 'Abdul Aziz Abu Kafa'),
('ROBTTAB36', 'Resep Tab Ersolon4mg', 'METHYLPREDNISOLONE4MG', 'tab', '600', 0, 0, '', 'Abdul Aziz Abu Kafa'),
('ROBTTAB360', 'Resep Tab Allopril300mg', 'ALLOPURINOL300MG', 'tab', '1200', 0, 0, '', 'Abdul Aziz Abu Kafa'),
('ROBTTAB361', 'Resep Tab Erphanervion', 'VITAMINB1100MG VITAMINB6200MCG VITAMINB12200MCG', 'tab', '700', 0, 0, '', 'Abdul Aziz Abu Kafa'),
('ROBTTAB362', 'Resep Tab FOLACIT400MG', 'ASAMFOLAT400MG', 'tab', '500', 0, 0, '', 'Abdul Aziz Abu Kafa'),
('ROBTTAB363', 'Resep Tab Katusi', 'VITAMINASI', 'tab', '1200', 0, 0, '', 'Abdul Aziz Abu Kafa'),
('ROBTTAB364', 'Resep Tab Farsiretic40mg', 'FUROSEMIDE40MG', 'tab', '500', 0, 0, '', 'Abdul Aziz Abu Kafa'),
('ROBTTAB365', 'Resep Tab Biopradyn', 'VITAMIN', 'tab', '1600', 0, 0, '', 'Abdul Aziz Abu Kafa'),
('ROBTTAB366', 'Resep Tab Citomol500mg', 'PARACETAMOL500MG', 'tab', '500', 0, 0, '', 'Abdul Aziz Abu Kafa'),
('ROBTTAB367', 'Resep Tab Trifamol650mg', 'PARACETAMOL650MG', 'tab', '500', 0, 0, '', 'Abdul Aziz Abu Kafa'),
('ROBTTAB368', 'Resep Tab OraCacingan500mg', 'MEBENDAZOLE500MG', 'tab', '5000', 0, 0, '', 'Abdul Aziz Abu Kafa'),
('ROBTTAB369', 'Resep Tab Coxiron120mg', 'ETORICOXIB120MG', 'tab', '18000', 0, 0, '', 'Abdul Aziz Abu Kafa'),
('ROBTTAB37', 'Resep Tab Ertensi5mg', 'AMLODIPHINE5MG', 'tab', '600', 0, 0, '', 'Abdul Aziz Abu Kafa'),
('ROBTTAB370', 'Resep Tab Omegzole200mg', 'KETOCONAZOLE200MG', 'tab', '1000', 0, 0, '', 'Abdul Aziz Abu Kafa'),
('ROBTTAB371', 'Resep Tab Fasiprim forte 960', 'TRIMETHOPRIM160MG SULFAMETHOXAZOLE800MG', 'tab', '800', 0, 0, '', 'Abdul Aziz Abu Kafa'),
('ROBTTAB372', 'Resep Tab Coxiron90mg', 'ETORICOXIB90MG', 'tab', '13000', 0, 0, '', 'Abdul Aziz Abu Kafa'),
('ROBTTAB373', 'Resep Tab Blesifen50mg', 'CLOMIPHENECITRATE50MG', 'tab', '24000', 0, 0, '', 'Abdul Aziz Abu Kafa'),
('ROBTTAB374', 'Resep Tab SantaE400IU', 'VITAMINE400IU', 'tab', '7000', 0, 0, '', 'Abdul Aziz Abu Kafa'),
('ROBTTAB375', 'Resep Tab VitaminD3400IU', 'VITAMIND3400IU', 'tab', '1400', 0, 0, '', 'Abdul Aziz Abu Kafa'),
('ROBTTAB376', 'Resep Tab Mecovit1000IU', 'VITAMIND1000IU', 'tab', '1000', 0, 0, '', 'Abdul Aziz Abu Kafa'),
('ROBTTAB377', 'Resep Tab Imunos', 'VITAMIN', 'tab', '12500', 0, 0, '', 'Abdul Aziz Abu Kafa'),
('ROBTTAB378', 'Resep Tab Alofar100', 'ALLOPURINOL100MG', 'tab', '500', 0, 0, '', 'Abdul Aziz Abu Kafa'),
('ROBTTAB379', 'Resep Tab Enervonc', 'VITAMINC500MG NIASINAMIDE50MG KALSIUMPANTOTENAT20MG VITAMINB150MG VITAMINB225MG VITAMINB610MG VITAMI', 'tab', '1800', 0, 0, '', 'Abdul Aziz Abu Kafa'),
('ROBTTAB38', 'Resep Tab Ervask10mg', 'AMLODIPHINE10MG', 'tab', '700', 0, 0, '', 'Abdul Aziz Abu Kafa'),
('ROBTTAB380', 'Resep Tab Flutamol', 'PARACETAMOL500MG PHENYLPROPANOLAMINEHCL15MG CHLORPHENIRAMINEMALEAT2MG GLYCERYLGUAICOLATE50MG', 'tab', '700', 0, 0, '', 'Abdul Aziz Abu Kafa'),
('ROBTTAB381', 'Resep Tab Albusmed', 'PROTEINALBUMIN', 'tab', '3500', 0, 0, '', 'Abdul Aziz Abu Kafa'),
('ROBTTAB382', 'Resep Tab BionicomC500', 'VITAMIN', 'tab', '1400', 0, 0, '', 'Abdul Aziz Abu Kafa'),
('ROBTTAB383', 'Resep Tab Zidalev500mg', 'LEVOFLOXACIN500MG', 'tab', '2400', 0, 0, '', 'Abdul Aziz Abu Kafa'),
('ROBTTAB384', 'Resep Tab Renovit', 'VITAMIN', 'tab', '4000', 0, 0, '', 'Abdul Aziz Abu Kafa'),
('ROBTTAB385', 'Resep Tab Meproce500MG', 'VITAMINC500MG', 'tab', '700', 0, 0, '', 'Abdul Aziz Abu Kafa'),
('ROBTTAB386', 'Resep Tab DexaHarsen 0.75', 'DEXAMETHASON0,75', 'tab', '500', 0, 0, '', 'Abdul Aziz Abu Kafa'),
('ROBTTAB387', 'Resep Tab Rhemafar4mg', 'METHYLPREDNISOLONE4MG', 'tab', '600', 0, 0, '', 'Abdul Aziz Abu Kafa'),
('ROBTTAB388', 'Resep Tab Domperidone 10mg', 'DOMPERIDONE10MG', 'tab', '500', 0, 0, '', 'Abdul Aziz Abu Kafa'),
('ROBTTAB389', 'Resep Tab EnervonActive', 'VITAMIN', 'tab', '2000', 0, 0, '', 'Abdul Aziz Abu Kafa'),
('ROBTTAB39', 'Resep Tab Etaflox500mg', 'CIPROFLOXACIN500MG', 'tab', '800', 0, 0, '', 'Abdul Aziz Abu Kafa'),
('ROBTTAB390', 'Resep Tab MethylPrednisolone4mg', 'METHYLPREDNISOLONE4MG', 'tab', '500', 0, 0, '', 'Abdul Aziz Abu Kafa'),
('ROBTTAB391', 'Resep Tab Novaflox500mg', 'CIPROFLOXACIN500MG', 'tab', '700', 0, 0, '', 'Abdul Aziz Abu Kafa'),
('ROBTTAB392', 'Resep Tab Sammoxin500mg', 'AMOXICILINTRIHYDRATE500MG', 'tab', '700', 0, 0, '', 'Abdul Aziz Abu Kafa'),
('ROBTTAB393', 'Resep Tab MethylPrednisolone8mg', 'METHYLPREDNISOLONE8MG', 'tab', '500', 0, 0, '', 'Abdul Aziz Abu Kafa'),
('ROBTTAB394', 'Resep Tab MolexFlu', 'PARACETAMOL500MG PHENYLPROPANOLAMINEHCL12,5 CHLORPENIRAMINEMALEAT2MG', 'tab', '800', 0, 0, '', 'Abdul Aziz Abu Kafa'),
('ROBTTAB395', 'Resep Tab CaviplexCDEZ', 'VITAMIN', 'tab', '1800', 969, 100, '', 'Abdul Aziz Abu Kafa'),
('ROBTTAB396', 'Resep Tab Orarheuma', 'IBUPROFEN200MG PARACETAMOL350MG', 'tab', '500', 0, 0, '', 'Abdul Aziz Abu Kafa'),
('ROBTTAB397', 'Resep Tab Tifalsic', 'IBUPROFEN200MG PARACETAMOL350MG', 'tab', '600', 0, 0, '', 'Abdul Aziz Abu Kafa'),
('ROBTTAB398', 'Resep Tab Vesperum', 'DOMPERIDONE10MG', 'tab', '500', 0, 0, '', 'Abdul Aziz Abu Kafa'),
('ROBTTAB399', 'Resep Tab Magnidicon', 'MAGNESIUMHIDROKSIDA300MG ALUMINIUMHIDROKSIDA300MG SIMETIKON40MG', 'tab', '1000', 0, 0, '', 'Abdul Aziz Abu Kafa'),
('ROBTTAB40', 'Resep Tab Fargoxin0.25mg', 'DIGOXIN0.25MG', 'tab', '500', 0, 0, '', 'Abdul Aziz Abu Kafa'),
('ROBTTAB400', 'Resep Tab Tiphutic500mg', 'THIAMPHENICOL500MG', 'tab', '1900', 0, 0, '', 'Abdul Aziz Abu Kafa'),
('ROBTTAB401', 'Resep Tab Trifamol500mg', 'PARACETAMOL500MG', 'tab', '500', 0, 0, '', 'Abdul Aziz Abu Kafa'),
('ROBTTAB402', 'Resep Tab Roverton30mg', 'AMROXOL30MG', 'tab', '500', 0, 0, '', 'Abdul Aziz Abu Kafa'),
('ROBTTAB403', 'Resep Tab Cimetidine 200mg', 'CIMETIDINE200MG', 'tab', '500', 0, 0, '', 'Abdul Aziz Abu Kafa'),
('ROBTTAB404', 'Resep Tab Zelona50mg', 'DICLOFENACSODIUM50MG', 'tab', '500', 0, 0, '', 'Abdul Aziz Abu Kafa'),
('ROBTTAB405', 'Resep Tab Zenicol500mg', 'THIAMPHENICOL500MG', 'tab', '2000', 0, 0, '', 'Abdul Aziz Abu Kafa'),
('ROBTTAB406', 'Resep Tab Hufaneuron', 'VITAMINB1100MG VITAMINB6200MCG VITAMINB12200MCG', 'tab', '700', 0, 0, '', 'Abdul Aziz Abu Kafa'),
('ROBTTAB407', 'Resep Tab Sithiam500mg', 'THIAMPHENICOL500MG', 'tab', '2100', 0, 0, '', 'Abdul Aziz Abu Kafa'),
('ROBTTAB408', 'Resep Tab Etabroxol30mg', 'AMBROXOL30MG', 'tab', '500', 0, 0, '', 'Abdul Aziz Abu Kafa'),
('ROBTTAB409', 'Resep Tab Dexycol 500mg', 'THIAMPHENICOL500MG', 'tab', '2000', 0, 0, '', 'Abdul Aziz Abu Kafa'),
('ROBTTAB41', 'Resep Tab Flucadex', 'PARACETAMOL500MG GUAIFENESIN50MG PHENYLPROPANOLAMINE15MG DEXTROMETHORPHAN15MG CHLORPHENAMINEMALEATE1', 'tab', '900', 0, 0, '', 'Abdul Aziz Abu Kafa'),
('ROBTTAB410', 'Resep Tab DailyHealthEkstakIkanGabus ALBUMIN', 'PROTEINALBUMIN', 'tab', '3700', 0, 0, '', 'Abdul Aziz Abu Kafa'),
('ROBTTAB411', 'Resep Tab Sevos8mg', 'METHYLPREDNISOLONE8MG', 'tab', '600', 0, 0, '', 'Abdul Aziz Abu Kafa'),
('ROBTTAB412', 'Resep Tab Bisoprolol2.5mg', 'BISOPROLOL2,5MG', 'tab', '6500', 0, 0, '', 'Abdul Aziz Abu Kafa'),
('ROBTTAB413', 'Resep Tab Helixime100mg', 'CEFIXIME100MG', 'tab', '1800', 0, 0, '', 'Abdul Aziz Abu Kafa'),
('ROBTTAB414', 'Resep Tab Erphatrim480mg', 'TRIMETHOPRIM80MG SULFAMETHOXAZOLE400MG', 'tab', '400', 0, 0, '', 'Abdul Aziz Abu Kafa'),
('ROBTTAB415', 'Resep Tab Captopril25mg', 'CAPTOPRIL25MG', 'tab', '300', 0, 0, '', 'Abdul Aziz Abu Kafa'),
('ROBTTAB416', 'Resep Tab Amostera500mg', 'AMOXICILINTRIHYDRATE500MG', 'tab', '650', 0, 0, '', 'Abdul Aziz Abu Kafa'),
('ROBTTAB417', 'Resep Tab Samcofenac50mg', 'NATRIUMDICLOFENAC50MG', 'tab', '300', 0, 0, '', 'Abdul Aziz Abu Kafa'),
('ROBTTAB418', 'Resep Tab Clarixine10mg', 'LORATADINE10MG', 'tab', '500', 0, 0, '', 'Abdul Aziz Abu Kafa'),
('ROBTTAB419', 'Resep Tab Tropidene20mg', 'PIROXICAM20MG', 'tab', '500', 0, 0, '', 'Abdul Aziz Abu Kafa'),
('ROBTTAB42', 'Resep Tab Gasela150mg', 'RANITIDINE150MG', 'tab', '500', 0, 0, '', 'Abdul Aziz Abu Kafa'),
('ROBTTAB420', 'Resep Tab Allopar100mg', 'ALLOPURINOL100MG', 'tab', '800', 0, 0, '', 'Abdul Aziz Abu Kafa'),
('ROBTTAB421', 'Resep Tab Parofen', 'PARACETAMOL350MG IBUPROFEN200MG', 'tab', '600', 0, 0, '', 'Abdul Aziz Abu Kafa'),
('ROBTTAB422', 'Resep Tab Berlimox500mg', 'AMOXICILINTRIHYDRATE500MG', 'tab', '900', 0, 0, '', 'Abdul Aziz Abu Kafa'),
('ROBTTAB43', 'Resep Tab Gemfibrozil300mg', 'GEMFIBROZILE300MG', 'tab', '800', 0, 0, '', 'Abdul Aziz Abu Kafa'),
('ROBTTAB44', 'F', '', '', '1000', 0, 0, '', 'Abdul Aziz Abu Kafa'),
('ROBTTAB45', 'Resep Tab Glimepiride1mg', 'GLIMEPIRIDE1MG', 'tab', '500', 0, 0, '', 'Abdul Aziz Abu Kafa'),
('ROBTTAB46', 'Resep Tab Glimepiride2mg', 'GLIMEPIRIDE2MG', 'tab', '500', 0, 0, '', 'Abdul Aziz Abu Kafa'),
('ROBTTAB47', 'Resep Tab Glucosamine250mg', 'GLUCOSAMINE250MG', 'tab', '1800', 0, 0, '', 'Abdul Aziz Abu Kafa'),
('ROBTTAB48', 'Resep Tab Glucosamine500mg', 'GLUCOSAMINE500mg', 'tab', '2500', 0, 0, '', 'Abdul Aziz Abu Kafa'),
('ROBTTAB49', 'Resep Tab Gludepatic500mg', 'METFORMINE500MG', 'tab', '500', 0, 0, '', 'Abdul Aziz Abu Kafa'),
('ROBTTAB50', 'Resep Tab Grafalin2mg', 'SALBUTAMOL2MG', 'tab', '500', 0, 0, '', 'Abdul Aziz Abu Kafa'),
('ROBTTAB51', 'Resep Tab Grafazole 500MG', 'METRONIDAZOLE500MG', 'tab', '500', 0, 0, '', 'Abdul Aziz Abu Kafa'),
('ROBTTAB52', 'Resep Tab Gralixa40mg', 'FUROSEMIDE40MG', 'tab', '400', 0, 0, '', 'Abdul Aziz Abu Kafa'),
('ROBTTAB53', 'Resep Tab Gravask5mg', 'AMLODIPHINE5MG', 'tab', '600', 0, 0, '', 'Abdul Aziz Abu Kafa'),
('ROBTTAB54', 'Resep Tab HerbatiaAsi', 'VITAMIN', 'tab', '2200', 0, 0, '', 'Abdul Aziz Abu Kafa'),
('ROBTTAB55', 'Resep Tab HerbatiaPutih', 'VITAMIN', 'tab', '2000', 0, 0, '', 'Abdul Aziz Abu Kafa'),
('ROBTTAB56', 'Resep Tab HerbatiaRapet', 'VITAMIN', 'tab', '2000', 0, 0, '', 'Abdul Aziz Abu Kafa'),
('ROBTTAB57', 'Resep Tab Hufaxol', 'AMBROXOL30MG', 'tab', '500', 0, 0, '', 'Abdul Aziz Abu Kafa'),
('ROBTTAB58', 'Resep Tab Insoniazide300mg', 'INSONIAZIDE300MG', 'tab', '600', 0, 0, '', 'Abdul Aziz Abu Kafa'),
('ROBTTAB59', 'Resep Tab KalkPot', 'CALCIUM', 'tab', '200', 0, 0, '', 'Abdul Aziz Abu Kafa'),
('ROBTTAB60', 'Resep Tab Lansoprazole', 'LANSOPRAZOLE30MG', 'tab', '1500', 0, 0, '', 'Abdul Aziz Abu Kafa'),
('ROBTTAB61', 'Resep Tab Levofloxacin500mg', 'LEVOFLOXACIN500MG', 'tab', '2400', 0, 0, '', 'Abdul Aziz Abu Kafa'),
('ROBTTAB62', 'Resep Tab Lexigo6mg', 'BETAHISTINE6MG', 'tab', '700', 0, 0, '', 'Abdul Aziz Abu Kafa'),
('ROBTTAB63', 'Resep Tab Lodecon Forte', 'PARACETAMOL600MG GUAIFENESIN50MG PHENYLEPRHINE7.55MG DEXTROMETHORPHAN15MG CHLORPHENAMINEMALEATE1MG', 'tab', '900', 0, 0, '', 'Abdul Aziz Abu Kafa'),
('ROBTTAB64', 'Resep Tab Lodecon', 'PARACETAMOL250MG DEXTROMETHORPHAN15MG GLYCERYLGUAIACOLATE50MG CHLORPHENIRAMINEMALEATE1MG PHENYLEPRIN', 'tab', '500', 0, 0, '', 'Abdul Aziz Abu Kafa'),
('ROBTTAB65', 'Resep Tab MakroB', 'VITAMIN', 'tab', '1200', 0, 0, '', 'Abdul Aziz Abu Kafa'),
('ROBTTAB66', 'Resep Tab Mesola4mg', 'METHYLPREDNISOLONE4MG', 'tab', '500', 0, 0, '', 'Abdul Aziz Abu Kafa'),
('ROBTTAB67', 'Resep Tab MethylErgometrin0.125mg', 'METHYLERGOMETRIN0.125MG', 'tab', '700', 0, 0, '', 'Abdul Aziz Abu Kafa'),
('ROBTTAB68', 'Resep Tab Narmig25mg', 'CINNARIZINE25MG', 'tab', '500', 0, 0, '', 'Abdul Aziz Abu Kafa'),
('ROBTTAB69', 'Resep Tab NeuroATP', 'THIAMINENITRATE100MG PYRIDOXINE200MG CYANOCOBALAMINE0.2MG TOCOPHERYLACETATE60MG ATP20MG', 'tab', '1500', 0, 0, '', 'Abdul Aziz Abu Kafa'),
('ROBTTAB70', 'Resep Tab Norpid10mg', 'SIMVASTATIN 10MG', 'tab', '500', 0, 0, '', 'Abdul Aziz Abu Kafa'),
('ROBTTAB71', 'Resep Tab Novabiotik500mg', 'TETRACYCLINE500MG', 'tab', '700', 0, 0, '', 'Abdul Aziz Abu Kafa'),
('ROBTTAB72', 'Resep Tab Nuwasir', 'AMBEVEN', 'tab', '1600', 0, 0, '', 'Abdul Aziz Abu Kafa'),
('ROBTTAB73', 'Resep Tab Omecidal50mg', 'MEBHYDROLINE50MG', 'tab', '600', 0, 0, '', 'Abdul Aziz Abu Kafa'),
('ROBTTAB74', 'v', '', '', '600', 0, 0, '', 'Abdul Aziz Abu Kafa'),
('ROBTTAB75', 'Resep Tab Omelegar10mg', 'LORATADINE10MG', 'tab', '500', 0, 0, '', 'Abdul Aziz Abu Kafa'),
('ROBTTAB76', 'Resep Tab Omeprazole20mg', 'OMEPRAZOLE20MG', 'tab', '1000', 0, 0, '', 'Abdul Aziz Abu Kafa'),
('ROBTTAB77', 'Resep Tab Omeric300mg', 'ALLOPURINOL300MG', 'tab', '600', 0, 0, '', 'Abdul Aziz Abu Kafa'),
('ROBTTAB78', 'Resep Tab Paranervion', 'PARACETAMOL500MG B150MG B6100MG B12100MG', 'tab', '1000', 0, 0, '', 'Abdul Aziz Abu Kafa'),
('ROBTTAB79', 'Resep Tab ParasetPot', 'PARACETAMOL500MG', 'tab', '500', 0, 0, '', 'Abdul Aziz Abu Kafa'),
('ROBTTAB80', 'Resep Tab PrednisonePot5mg', 'PREDNISOLONE5MG', 'tab', '500', 0, 0, '', 'Abdul Aziz Abu Kafa'),
('ROBTTAB81', 'Resep Tab Prenatal', 'VITAMIN', 'tab', '1300', 0, 0, '', 'Abdul Aziz Abu Kafa'),
('ROBTTAB82', 'Resep Tab Propanolol40mg', 'PROPANOLOL40MG', 'tab', '700', 0, 0, '', 'Abdul Aziz Abu Kafa'),
('ROBTTAB83', 'Resep Tab Pyratibi500mg', 'PYRAZINAMIDE500MG', 'tab', '700', 0, 0, '', 'Abdul Aziz Abu Kafa'),
('ROBTTAB84', 'Resep Tab Relaxon50mg', 'EPERISONE50MG', 'tab', '1100', 0, 0, '', 'Abdul Aziz Abu Kafa'),
('ROBTTAB85', 'Resep Tab Renabetic5mg', 'GLIBENCLAMIDE5MG', 'tab', '500', 0, 0, '', 'Abdul Aziz Abu Kafa'),
('ROBTTAB86', 'Resep Tab Renola', 'BATUURINEDIGINJAL', 'tab', '800', 0, 0, '', 'Abdul Aziz Abu Kafa'),
('ROBTTAB87', 'Resep Tab Repass400mg', 'IBUPROFEN400MG', 'tab', '700', 0, 0, '', 'Abdul Aziz Abu Kafa'),
('ROBTTAB88', 'Resep Tab Rifampicin600mg', 'RIFAMPICIN600MG', 'tab', '2200', 0, 0, '', 'Abdul Aziz Abu Kafa'),
('ROBTTAB89', 'Resep Tab Rifampicin450mg', 'RIFAMPICIN450MG', 'tab', '1800', 0, 0, '', 'Abdul Aziz Abu Kafa'),
('ROBTTAB90', 'Resep Tab ScopmaPlus', 'HYOSCINE10MG PARACETAMOL500MG', 'tab', '1800', 0, 0, '', 'Abdul Aziz Abu Kafa'),
('ROBTTAB91', 'Resep Tab Simvas10mg', 'SIMVASTATIN 10MG', 'tab', '600', 0, 0, '', 'Abdul Aziz Abu Kafa'),
('ROBTTAB92', 'Resep Tab Sultrimixforte', 'TRIMETHOPRIM160MG SULFAMETHOXAZOLE800MG', 'tab', '1100', 0, 0, '', 'Abdul Aziz Abu Kafa'),
('ROBTTAB93', 'Resep Tab Tasma', 'SALBUTAMOL4MG', 'tab', '400', 0, 0, '', 'Abdul Aziz Abu Kafa'),
('ROBTTAB94', 'Resep Tab TeraF', 'PARACETAMOL650MG GUAIFENESINE50MG PHENYLPROPANOLAMINE15MG CHLORPHENAMINEMALEAT2MG', 'tab', '700', 840, 900, '', 'Abdul Aziz Abu Kafa'),
('ROBTTAB95', 'Resep Tab Thiamphenicol500mg', 'THIAMPHENICOL500MG', 'tab', '700', 0, 0, '', 'Abdul Aziz Abu Kafa'),
('ROBTTAB96', 'Resep Tab Tibigon500mg', 'ETHAMBUTOL500MG', 'tab', '1300', 0, 0, '', 'Abdul Aziz Abu Kafa'),
('ROBTTAB97', 'Resep Tab Tidifar200MG', 'CIMETIDINE200MG', 'tab', '600', 0, 0, '', 'Abdul Aziz Abu Kafa'),
('ROBTTAB98', 'Resep Tab Trisela10mg', 'CETIRIZINE10MG', 'tab', '500', 0, 0, '', 'Abdul Aziz Abu Kafa'),
('ROBTTAB99', 'Resep Tab Tyrema', 'PARASETAMOL350MG IBUPROFEN200MG', 'tab', '500', 0, 0, '', 'Abdul Aziz Abu Kafa'),
('ROBTTTS01', 'Resep Tetes Nocandis CANDISTATIN', 'NYSTATIN', 'fls', '35000', 0, 0, '', 'Abdul Aziz Abu Kafa'),
('ROBTTTS02', 'Resep Tetes OptifloxTetesMata5mg', 'LEVOFLOXACIN5MG', 'fls', '35000', 0, 0, '', 'Abdul Aziz Abu Kafa'),
('ROBTTTS03', 'Resep Tetes RecoTetesMata0.5%', 'CHLORAMPHENICOL0.5%', 'fls', '12000', 0, 0, '', 'Abdul Aziz Abu Kafa'),
('ROBTTTS04', 'Resep Tetes ErlamycetinTetesKuping1%', 'CHLORAMPHENICOL0.1%', 'fls', '12000', 0, 0, '', 'Abdul Aziz Abu Kafa'),
('ROBTTTS05', 'Resep Tetes CazetinDrop', 'NYSTATIN', 'fls', '32000', 0, 0, '', 'Abdul Aziz Abu Kafa'),
('ROBTTTS06', 'Resep Tetes CendoLiteersTetesmata15ml', 'SODIUMCHLORIDE4.40MG POTASSIUMCHLORIDE0.80MG', 'fls', '35000', 0, 0, '', 'Abdul Aziz Abu Kafa'),
('ROBTTTS07', 'Resep Tetes CendoXitrolTetesmata0.6ml', 'DEXAMETHASON0.1% NEOMICYN3.5MG POLIMIXIN6000UI', 'fls', '45000', 0, 0, '', 'Abdul Aziz Abu Kafa'),
('ROBTTTS08', 'Resep Tetes CendoXitrolTetesmata5ml', 'DEXAMETHASON0.1% NEOMICYN3.5MG POLIMIXIN6000UI', 'fls', '45000', 0, 0, '', 'Abdul Aziz Abu Kafa'),
('ROBTTTS09', 'Resep Tetes Oxoferin', 'TETRACHLODECAOXIDE', 'fls', '120000', 0, 0, '', 'Abdul Aziz Abu Kafa'),
('ROBTTTS10', 'Resep Tetes Laxoberon', 'SODIUM PICOSULFATE', 'fls', '148000', 0, 0, '', 'Abdul Aziz Abu Kafa'),
('ROBTTTS11', 'Resep Tetes Gom', 'BORAKS GLISERIN 10%', 'fls', '7000', 0, 0, '', 'Abdul Aziz Abu Kafa'),
('ROBTTTS12', 'Resep Tetes Amoxan Drop', 'AMMOXICILLIN TRIHYDRATE 100MG', 'fls', '40500', 0, 0, '', 'Abdul Aziz Abu Kafa'),
('ROBTTTS13', 'Resep Tetes Supramox Drop', 'AMMOXICILLIN TRIHYDRATE', 'fls', '40000', 0, 0, '', 'Abdul Aziz Abu Kafa'),
('ROBTTTS14', 'Resep Tetes CendoLiteersTetesmata0.6ml TM', 'SODIUM CHLORIDE 4,40MG POTASSIUM CHLORIDE 0,80MG', 'fls', '30000', 0, 0, '', 'Abdul Aziz Abu Kafa'),
('ROBTTTS15', 'Resep Tetes AlphamolDrop', 'PARACETAMOL 60MG', 'fls', '15000', 0, 0, '', 'Abdul Aziz Abu Kafa'),
('ROBTTTS16', 'Resep Tetes AmoxilinDrop', 'AMMOXICILLIN TRIHYDRATE 100MG', 'fls', '42000', 0, 0, '', 'Abdul Aziz Abu Kafa'),
('ROBTTTS17', 'Resep Tetes CendoCatarlent15ml', 'POTASSIUM IODIDE 5MG', 'fls', '46000', 0, 0, '', 'Abdul Aziz Abu Kafa'),
('ROBTTTS18', 'Resep Tetes CendoCatarlent0,6ml', 'POTASSIUM IODIDE 5MG', 'fls', '30000', 0, 0, '', 'Abdul Aziz Abu Kafa'),
('ROBTTTS19', 'Resep Tetes AlletrolTetesMata5ml', 'DEXAMETHASONE SODIUM PHOSPHATE 1MG NEOMYCIN SULFATE 3,5MG POLYMYXIN B SULFATE 6000IU', 'fls', '22000', 0, 0, '', 'Abdul Aziz Abu Kafa'),
('ROBTTTS20', 'Resep Tetes CendoPolydex5ml', 'POLYMIXIN B SULFATE 10.000IU NEOMYCIN SULPHATE 3,5MG DEXAMETHASONE 1.0MG', 'fls', '55000', 0, 0, '', 'Abdul Aziz Abu Kafa'),
('ROBTTTS21', 'Resep Tetes SanmolDrop', 'PARACETAMOL 60MG', 'fls', '25000', 0, 0, '', 'Abdul Aziz Abu Kafa'),
('ROBTTTS22', 'Resep Tetes FasidolDrop', 'PARACETAMOL 60MG', 'fls', '25000', 0, 0, '', 'Abdul Aziz Abu Kafa'),
('ROBTTTS23', 'Resep Tetes CendoPantocain5ml', 'TETRACAINE 2%', 'fls', '20000', 0, 0, '', 'Abdul Aziz Abu Kafa'),
('ROBTTTS24', 'Resep Tetes TobrosonTM5mL', 'TOBRAMYCIN 3MG DEXAMETHASON 1MG', 'fls', '75000', 0, 0, '', 'Abdul Aziz Abu Kafa'),
('ROBTTTS25', 'Resep Tetes VitalTetesTelinga', 'THYMOL 10MG OL.MENTHAE 20MG OL. CAMPHORA 600MG', 'fls', '18000', 0, 0, '', 'Abdul Aziz Abu Kafa'),
('ROBTTTS26', 'Resep Tetes Grafadon PARACETAMOL', 'PARACETAMOL 60MG', 'fls', '10000', 0, 0, '', 'Abdul Aziz Abu Kafa'),
('ROBTTTS27', 'Resep Tetes CendoCatarlent5ml', 'POTASSIUM IODIDE 5MG', 'fls', '40000', 0, 0, '', 'Abdul Aziz Abu Kafa'),
('ROBTTTS28', 'Resep Tetes Nystatin', 'NYSTATIN 100.000IU', 'fls', '34000', 0, 0, '', 'Abdul Aziz Abu Kafa'),
('ROBTTTS29', 'Resep Tetes KandistatinDrop', 'NYSTATIN 100.000IU', 'fls', '55000', 0, 0, '', 'Abdul Aziz Abu Kafa'),
('ROBTTTS30', 'Resep Tetes Forumeneardrops', 'DOCUSATE Na 5MG', 'fls', '47000', 0, 0, '', 'Abdul Aziz Abu Kafa'),
('ROBTTTS31', 'Resep Tetes RecoTetesTelinga CHLORAMPHENICOL', 'CHLORAMPHENICOL 0,5%', 'fls', '12500', 0, 0, '', 'Abdul Aziz Abu Kafa'),
('RTNDK01', 'Resep TindakanInfus', '', '', '25000', 0, 0, '', 'Abdul Aziz Abu Kafa'),
('RTNDK02', 'Resep TindakanKateter', '', '', '25000', 0, 0, '', 'Abdul Aziz Abu Kafa'),
('RTNDK03', '', '', '', '25000', 0, 0, '', 'Abdul Aziz Abu Kafa'),
('RTNDK04', 'Resep TindakanNebu', '', '', '60000', 0, 0, '', 'Abdul Aziz Abu Kafa');

-- --------------------------------------------------------

--
-- Table structure for table `opname`
--

CREATE TABLE `opname` (
  `id` varchar(11) NOT NULL,
  `obat` varchar(100) DEFAULT NULL,
  `jenis` varchar(100) DEFAULT NULL,
  `so` int(10) DEFAULT NULL,
  `note` varchar(100) DEFAULT NULL,
  `user` varchar(100) NOT NULL
) ENGINE=InnoDB DEFAULT CHARSET=utf8mb4;

--
-- Dumping data for table `opname`
--

INSERT INTO `opname` (`id`, `obat`, `jenis`, `so`, `note`, `user`) VALUES
('ROBTINF06', 'Resep Infusion Sanmol', 'PARACETAMOL INFUS', 150, '', 'Abdul Aziz Abu Kafa'),
('ROBTINJ01', 'Resep Inject Cefotaxim', 'CEFOTAXIM', 150, '', 'Abdul Aziz Abu Kafa'),
('ROBTINJ02', 'Resep Inject Cytocolin', 'CYTICOLINE', 150, '', 'Abdul Aziz Abu Kafa'),
('ROBTINJ03', 'Resep Inject Dexametason', 'DEXAMETHASON', 150, '', 'Abdul Aziz Abu Kafa'),
('ROBTINJ04', 'Resep Inject Epineprine', 'EPINEPRIN', 150, '', 'Abdul Aziz Abu Kafa'),
('ROBTINJ05', 'Resep Inject Kalnex', 'ASAM TRANEKSAMAT', 150, '', 'Abdul Aziz Abu Kafa'),
('ROBTINJ06', 'Resep Inject Lidocain', 'LIDOCAINE', 150, '', 'Abdul Aziz Abu Kafa'),
('ROBTINJ07', 'Resep Inject Lidocain+Epineprin', 'LIDOCAIN EPINEPRIN', 150, '', 'Abdul Aziz Abu Kafa'),
('ROBTINJ08', 'Resep Inject Ondansetron4mg', 'ONDANSETRON 4MG', 150, '', 'Abdul Aziz Abu Kafa'),
('ROBTINJ09', 'Resep Inject Pantoprazole', 'PANTOPRAZOLE', 150, '', 'Abdul Aziz Abu Kafa'),
('ROBTINJ10', 'Resep Inject Ranitidine25mg', 'RANITIDINE', 150, '', 'Abdul Aziz Abu Kafa'),
('ROBTINJ11', 'Resep Inject Ranitidine50mg', 'RANITIDINE', 150, '', 'Abdul Aziz Abu Kafa'),
('ROBTINJ12', 'Resep Inject Sotatic', 'METOCLOPRAMIDE HCL 5MG', 150, '', 'Abdul Aziz Abu Kafa'),
('ROBTINJ13', 'Resep Inject Neurobion', 'THIAMINE HCL PYRIDOXINR HCL CYANOCOBALAMIN', 150, '', 'Abdul Aziz Abu Kafa'),
('ROBTINJ14', 'Resep Inject Ketorolac', 'KETOROLAC', 150, '', 'Abdul Aziz Abu Kafa'),
('ROBTINJ16', 'Resep Inject Oxytocin', 'OXYTOCIN', 150, '', 'Abdul Aziz Abu Kafa'),
('ROBTINJ17', 'Resep Inject VitK', 'VIT K1', 150, '', 'Abdul Aziz Abu Kafa'),
('ROBTINJ18', 'Resep Inject Ceftriaxon', 'CEFTRIAXONE', 150, '', 'Abdul Aziz Abu Kafa'),
('ROBTINJ19', 'Resep Inject Epinephhrin', 'EPINEPRIN', 150, '', 'Abdul Aziz Abu Kafa'),
('ROBTINJ20', 'Resep Inject Trilac1cc', 'TRIAMCINOLONE ACETONIDE 5ML', 150, '', 'Abdul Aziz Abu Kafa'),
('ROBTINJ23', 'Resep Inject Mecobalamin500mg B12', 'MECOBALAMINE 500MG', 150, '', 'Abdul Aziz Abu Kafa'),
('ROBTINJ26', 'Resep Inject Tramadol', 'TRAMADOL', 150, '', 'Abdul Aziz Abu Kafa'),
('ROBTINJ27', 'Resep Inject Diphenhydramine', 'DIPHENHYDRAMINE', 150, '', 'Abdul Aziz Abu Kafa'),
('ROBTINJ28', 'Resep Inject Furosemid', 'FUROSEMIDE', 150, '', 'Abdul Aziz Abu Kafa'),
('ROBTINJ29', 'Resep Inject Lancolin250', 'CITICOLINE500MG', 150, '', 'Abdul Aziz Abu Kafa'),
('ROBTINJ30', 'Resep Inject MetylErgo', 'METHYLERGOMETHRIN', 150, '', 'Abdul Aziz Abu Kafa'),
('ROBTINJ31', 'Resep Inject Asamtraneksamat1cc', 'ASAM TRANEKSAMAT', 150, '', 'Abdul Aziz Abu Kafa'),
('ROBTINJ32', 'Resep Inject OtsuD40', 'DEXTROSE 400MG', 150, '', 'Abdul Aziz Abu Kafa'),
('ROBTINJ33', 'Resep Inject Biosat', 'SERUM ANTI TETANUS', 150, '', 'Abdul Aziz Abu Kafa'),
('ROBTINJ34', 'Resep Inject Streptomycin', 'STREPTOMYCIN', 150, '', 'Abdul Aziz Abu Kafa'),
('ROBTINJ35', 'Resep Inject Kanamycin', 'KANAMYCIN', 150, '', 'Abdul Aziz Abu Kafa'),
('ROBTINJ36', 'Resep Inject Cyanocobalamine B12', 'CYANOCOBALAMINE B12', 150, '', 'Abdul Aziz Abu Kafa'),
('ROBTINJ37', 'Resep Inject Dextrose40%Otsu', 'DEXTROSE 400MG', 150, '', 'Abdul Aziz Abu Kafa'),
('ROBTINJ38', 'Resep Inject Biocombin500 CYANOCOBALAMIN500', 'CYANOCOBALAMINE THIAMINE HCL PYRIDOXINE HCL', 150, '', 'Abdul Aziz Abu Kafa'),
('ROBTINJ39', 'Resep Inject Ondansetron8mg', 'ONDANSETRON 8MG', 150, '', 'Abdul Aziz Abu Kafa'),
('ROBTINJ41', 'Resep Inject MethylPrednisolone', 'METHYLPREDNISOLONE', 150, '', 'Abdul Aziz Abu Kafa'),
('ROBTINJ42', 'Resep Inject Gentamycin', 'ATROPINE SULFATE', 150, '', 'Abdul Aziz Abu Kafa'),
('ROBTSLP01', 'Resep Salp Acyclovir', 'ACYCLOVIR50MG', 150, '', 'Abdul Aziz Abu Kafa'),
('ROBTSLP02', 'Resep Salp Genta', 'GENTAMICINESULFATE0,1%', 150, '', 'Abdul Aziz Abu Kafa'),
('ROBTSLP03', 'Resep Salp H', 'HYDROCORTISON2,5%', 150, '', 'Abdul Aziz Abu Kafa'),
('ROBTSLP04', 'Resep Salp K', 'FLUOCINOLONEACETONIDE0,025% NEOMYCINSULFATE0,5%', 150, '', 'Abdul Aziz Abu Kafa'),
('ROBTSLP05', 'Resep Salp SCC', 'PERMETHRIN5%', 150, '', 'Abdul Aziz Abu Kafa'),
('ROBTSLP06', 'Resep Salp SO', 'KETOCONAZOLE2%', 150, '', 'Abdul Aziz Abu Kafa'),
('ROBTSLP07', 'Resep Salp TR Trombophob', 'HEPARIN SODIUM200IU', 150, '', 'Abdul Aziz Abu Kafa'),
('ROBTSLP08', 'Resep Salp 24', 'SULFUR PRAECIPITATUM40MG ASAM SALISILAT20MG', 150, '', 'Abdul Aziz Abu Kafa'),
('ROBTSLP09', 'Resep Salp BoraginolN', 'LITHOSPERMIRADIX EXTR0,09MG', 150, '', 'Abdul Aziz Abu Kafa'),
('ROBTSLP10', 'Resep Salp ErphaflamPot5ml', 'DICLOFENAC DIETHYLAMINE11,6MG', 150, '', 'Abdul Aziz Abu Kafa'),
('ROBTSLP11', 'Resep Salp RecoSalpMata', 'CHLORAMPHENICOL1%', 150, '', 'Abdul Aziz Abu Kafa'),
('ROBTSLP12', 'Resep Salp Betametason', 'BETHAMETHASONE DIPROPIONATE0,64MG', 150, '', 'Abdul Aziz Abu Kafa'),
('ROBTSLP13', 'Resep Salp Nisagon', 'BETHAMETHASONE-17-VALERATE0,1% NEOMYCIN SULPHATE0,5%', 150, '', 'Abdul Aziz Abu Kafa'),
('ROBTSLP14', 'Resep Salp Bioplacenton', 'PLACENTA EXTRACT10% NEOMYCIN SULFATE0,5%', 150, '', 'Abdul Aziz Abu Kafa'),
('ROBTSLP15', 'Resep Salp Skizon', 'BETHAMETHASONE DIPROPIONATE0,64MG', 150, '', 'Abdul Aziz Abu Kafa'),
('ROBTSLP16', 'Resep Salp Salgen', 'GENTAMICIN1MG', 150, '', 'Abdul Aziz Abu Kafa'),
('ROBTSLP17', 'Resep Salp Oxytetracycline', 'OXYTETRACYCLINE1%', 150, '', 'Abdul Aziz Abu Kafa'),
('ROBTSLP18', 'Resep Salp Nysagon', 'BETHAMETHASONE-17-VALERATE0,1% NEOMYCIN SULPHATE0,5%', 150, '', 'Abdul Aziz Abu Kafa'),
('ROBTSLP19', 'Resep Salp Callusol', 'ASAM SALISILAT0,2G ASAM LAKTAT0,005G POLIDOCANOL0,02G', 150, '', 'Abdul Aziz Abu Kafa'),
('ROBTSLP20', 'Resep Salp Bufacomb', 'TRIAMCINOLONE ACETONIDE0,1%', 150, '', 'Abdul Aziz Abu Kafa'),
('ROBTSLP21', 'Resep Salp Genalten', 'GENTAMICINE SULFATE0,1%', 150, '', 'Abdul Aziz Abu Kafa'),
('ROBTSLP22', 'Resep Salp MeboPot10ml', 'LUKA BAKAR', 150, '', 'Abdul Aziz Abu Kafa'),
('ROBTSLP23', 'Resep Salp Ichityol15gr', 'ICHTAMMOLUM100MG', 150, '', 'Abdul Aziz Abu Kafa'),
('ROBTSLP24', 'Resep Salp HaemocainOintPot5ml', 'LIDOCAINE HCL5% AL SUBACETATE3,5% ZINC OXIDE18%', 150, '', 'Abdul Aziz Abu Kafa'),
('ROBTSLP25', 'Resep Salp Klorfeson10gr', 'CHLORAMPHENICOL20MG PREDNISOLONE2,5MG', 150, '', 'Abdul Aziz Abu Kafa'),
('ROBTSLP26', 'Resep Salp Ketoconazole5ml', 'KETOCONAZOLE2%', 150, '', 'Abdul Aziz Abu Kafa'),
('ROBTSLP27', 'Resep Salp HotinPot5ml', 'DICLOFENAC SODIUM10MG', 150, '', 'Abdul Aziz Abu Kafa'),
('ROBTSLP28', 'Resep Salp BabyCarePot20g', 'DEXPANTHENOL50MG', 150, '', 'Abdul Aziz Abu Kafa'),
('ROBTSLP29', 'Resep Salp KenalogPot5ml', 'TRIAMCINOLONE ACETONIDE0,1%', 150, '', 'Abdul Aziz Abu Kafa'),
('ROBTSLP30', 'Resep Salp ErlamycetinSalpMata', 'CHLORAMPHENICOL1%', 150, '', 'Abdul Aziz Abu Kafa'),
('ROBTSLP31', 'Resep Salp Oviskin-NPot5ml', 'BETHAMETHASON VALERATE0,1% NEOMYCIN SULFATE0,5%', 150, '', 'Abdul Aziz Abu Kafa'),
('ROBTSLP32', 'Resep Salp TrifamycetinPot5ml', 'CHLORAMPHENICOL2%', 150, '', 'Abdul Aziz Abu Kafa'),
('ROBTSLP33', 'Resep Salp Kutilos', 'ASAM SALISILAT0,2G ASAM LAKTAT0,005G POLIDOCANOL0,02G', 150, '', 'Abdul Aziz Abu Kafa'),
('ROBTSLP34', 'Resep Salp Hydrocortison', 'HYDROCORTISON2,5%', 150, '', 'Abdul Aziz Abu Kafa'),
('ROBTSLP35', 'Resep Salp Faktu', 'POLICRESULEN50MG CINCHOCAINEHCL10MG', 150, '', 'Abdul Aziz Abu Kafa'),
('ROBTSLP36', 'Resep Salp UltrafocortN', 'FLUOCORTOLONE PIVALATE1MG LIDOCAIN HCL40MG', 150, '', 'Abdul Aziz Abu Kafa'),
('ROBTSLP37', 'Resep Salp BoraginolSPot5ml', 'LITHOSPERMI RADIX0,1MG PREDNISOLONE0,5MG LIDOCAINE7,5MG CETRIMIDE1,25MG AETHYLIS AMINOBENZOAS10MG', 150, '', 'Abdul Aziz Abu Kafa'),
('ROBTSLP38', 'Resep Salp GenointointPot5ml', 'GENTAMICIN SULFATE1MG', 150, '', 'Abdul Aziz Abu Kafa'),
('ROBTSLP39', 'Resep Salp Clonitia1%Pot5ml', 'CLOTRIMAZOLE1%', 150, '', 'Abdul Aziz Abu Kafa'),
('ROBTSLP40', 'Resep Salp SalonpasGelPot5ml', 'EKSTRAK TUMBUH TUMBUHAN', 150, '', 'Abdul Aziz Abu Kafa'),
('ROBTSLP41', 'Resep Salp Bufacort', 'NEOMYCIN SULFATE0,5% HIDROCORTISON ASETAT1%', 150, '', 'Abdul Aziz Abu Kafa'),
('ROBTSLP42', 'Resep Salp Faxiden', 'PIROXICAM5MG', 150, '', 'Abdul Aziz Abu Kafa'),
('ROBTSLP43', 'Resep Salp Chloramfecort', 'CHLORAMPHENICOL20MG PREDNISOLONE25MG', 150, '', 'Abdul Aziz Abu Kafa'),
('ROBTSLP44', 'Resep Salp Colipred', 'CHLORAMPHENICOL20MG PREDNISOLONE25MG', 150, '', 'Abdul Aziz Abu Kafa'),
('ROBTSLP45', 'Resep Salp Bevalex', 'BETHAMETHASON VALERATE1MG NEOMYCIN SULFATE5MG', 150, '', 'Abdul Aziz Abu Kafa'),
('ROBTSRB01', 'Resep Serbuk Trolit', 'MONASCUSPURPUREUS PSIDIIFOLIUM VITAMINELEKTROLIT ZN', 150, '', 'Abdul Aziz Abu Kafa'),
('ROBTSRB02', 'Resep Serbuk LactoB', 'LACTOB', 150, '', 'Abdul Aziz Abu Kafa'),
('ROBTSRB03', 'Resep Serbuk Pharolite', 'ORALITE', 150, '', 'Abdul Aziz Abu Kafa'),
('ROBTSRB05', 'Resep Serbuk LBio', 'LACTOB', 150, '', 'Abdul Aziz Abu Kafa'),
('ROBTSRB09', 'Resep Serbuk Jovial LACTOB', 'LACTOB', 150, '', 'Abdul Aziz Abu Kafa'),
('ROBTSRB10', 'Resep Serbuk Lacbon', 'LACTOB', 150, '', 'Abdul Aziz Abu Kafa'),
('ROBTSRB11', 'Resep Serbuk Paedilac', 'LACTOB', 150, '', 'Abdul Aziz Abu Kafa'),
('ROBTSUP01', 'Resep Sups Kaltrofen', 'KALTROPEN', 150, '', 'Abdul Aziz Abu Kafa'),
('ROBTSUP03', 'Resep Sups Proris125mg', 'IBU PROFEN 125MG', 150, '', 'Abdul Aziz Abu Kafa'),
('ROBTSUP05', 'Resep Sups Dulcolax5mg', 'BISACODYL5MG', 150, '', 'Abdul Aziz Abu Kafa'),
('ROBTSUP06', 'Resep Sups Dulcolax10mg', 'BISACODYL 10MG', 150, '', 'Abdul Aziz Abu Kafa'),
('ROBTSUP07', 'Resep Sups Pamol250mg', 'PARACETAMOL250MG', 150, '', 'Abdul Aziz Abu Kafa'),
('ROBTSUP08', 'Resep Sups Pamol125mg', 'PARACETAMOL125MG', 150, '', 'Abdul Aziz Abu Kafa'),
('ROBTSUP09', 'Resep Sups DuminRectal125mg', 'PARACETAMOL 125MG', 150, '', 'Abdul Aziz Abu Kafa'),
('ROBTSUP10', 'Resep Sups Profenid100mg', 'KETOPROFEN 100MG', 150, '', 'Abdul Aziz Abu Kafa'),
('ROBTSUP12', 'Resep Sups Propyrectic80mg', 'PARACETAMOL80MG', 150, '', 'Abdul Aziz Abu Kafa'),
('ROBTSUP13', 'Resep Sups Profecom', 'KETOPROFEN 100MG', 150, '', 'Abdul Aziz Abu Kafa'),
('ROBTSUP14', 'Resep Sups Propyrectic160mg PARASETSUPS160mg', 'PARACETAMOL 160', 150, '', 'Abdul Aziz Abu Kafa'),
('ROBTSYR01', 'Resep Syrup Antasida', 'ALUMINIUMHIDROXIDE200MG MAGNESIUMHIDROXIDE200MG', 150, '', 'Abdul Aziz Abu Kafa'),
('ROBTSYR02', 'Resep Syrup Berlocid', 'ALUMINIUMHIDROXIDE200MG MAGNESIUMHIDROXIDE200MG DIMETHICONE40MG', 150, '', 'Abdul Aziz Abu Kafa'),
('ROBTSYR03', 'Resep Syrup Broadamox125mg', 'AMOXICILINTRIHYDRATE125MG', 150, '', 'Abdul Aziz Abu Kafa'),
('ROBTSYR04', 'Resep Syrup Broadamox250mg', 'AMOXICILINTRIHYDRATE250MG', 150, '', 'Abdul Aziz Abu Kafa'),
('ROBTSYR05', 'Resep Syrup Bronchitin', 'PARACETAMOL120MG GUAIFENESIN100MG PHENYLEPRINE2,5MG', 150, '', 'Abdul Aziz Abu Kafa'),
('ROBTSYR06', 'Resep Syrup Cavicur', 'VITAMIN', 150, '', 'Abdul Aziz Abu Kafa'),
('ROBTSYR07', 'Resep Syrup CavicurDHA', 'VITAMIN+DHA', 150, '', 'Abdul Aziz Abu Kafa'),
('ROBTSYR08', 'Resep Syrup CavicurEmulsion', 'VITAMIN', 150, '', 'Abdul Aziz Abu Kafa'),
('ROBTSYR09', 'Resep Syrup Cefadroxil125mg', 'CEFADROXYL125MG', 150, '', 'Abdul Aziz Abu Kafa'),
('ROBTSYR10', 'Resep Syrup Colfin', 'PARACETAMOL120MG DEXTROMETHOPHAN HBR5MG PHENYLEPHRINE HCL2,5MG CHLORPHENERAMINE MALEAT2MG', 150, '', 'Abdul Aziz Abu Kafa'),
('ROBTSYR100', 'Resep Syrup Farsifen100mg', 'FARSIFEN100MG', 150, '', 'Abdul Aziz Abu Kafa'),
('ROBTSYR101', 'Resep Syrup EtacurVita', 'VITAMIN', 150, '', 'Abdul Aziz Abu Kafa'),
('ROBTSYR102', 'Resep Syrup Combantrin125mg', 'PIRANTELPAMOAT125MG', 150, '', 'Abdul Aziz Abu Kafa'),
('ROBTSYR104', 'Resep Syrup Erphahexin4mg', 'BROMHEXINE4MG', 150, '', 'Abdul Aziz Abu Kafa'),
('ROBTSYR105', 'Resep Syrup Novagyl125mg', 'METRONIDAZOLE125MG', 150, '', 'Abdul Aziz Abu Kafa'),
('ROBTSYR106', 'Resep Syrup Sirplus', 'SCHARINE', 150, '', 'Abdul Aziz Abu Kafa'),
('ROBTSYR107', 'Resep Syrup Etamoxul', 'TRIMETHOPRIM40MG SULFAMETHOXAZOLE200MG', 150, '', 'Abdul Aziz Abu Kafa'),
('ROBTSYR108', 'Resep Syrup Pharmafix100mg', 'CEFIXIME100MG', 150, '', 'Abdul Aziz Abu Kafa'),
('ROBTSYR109', 'Resep Syrup Praxion250mg', 'PARACETAMOL250MG', 150, '', 'Abdul Aziz Abu Kafa'),
('ROBTSYR11', 'Resep Syrup Dionicol125mg', 'THIAMPHENICOL125MG', 150, '', 'Abdul Aziz Abu Kafa'),
('ROBTSYR12', 'Resep Syrup ErlaFlu', 'PARACETAMOL120MG PHENYLEPHRINE2,5MG DEXTROMETHORPHAN HBR2,5MG CHLORPHENAMINE MALEAT0,5MG', 150, '', 'Abdul Aziz Abu Kafa'),
('ROBTSYR13', 'Resep Syrup Erlapect15mg', 'AMBROXOL15MG', 150, '', 'Abdul Aziz Abu Kafa'),
('ROBTSYR14', 'Resep Syrup Etafen100mg', 'IBUPROFEN100MG', 150, '', 'Abdul Aziz Abu Kafa'),
('ROBTSYR15', 'Resep Syrup Flucadex', 'PARACETAMOL250MG PHENYLPROPANOLAMINE HCL7,5MG GUAIFENESIN50MG DEXTROMETHORPHAN HBR7,5MG CHLORPHENAMI', 150, '', 'Abdul Aziz Abu Kafa'),
('ROBTSYR16', 'Resep Syrup Gastrucid', 'Mg(OH)2 325MG Al(OH) 325MG DIMETHYLPOLYSILOXANE50MG', 150, '', 'Abdul Aziz Abu Kafa'),
('ROBTSYR17', 'Resep Syrup Hufadon5mg', 'DOMPERIDONE5MG', 150, '', 'Abdul Aziz Abu Kafa'),
('ROBTSYR18', 'Resep Syrup Kaotin', 'KAOLIN RINGAN985MG PEKTIN22MG', 150, '', 'Abdul Aziz Abu Kafa'),
('ROBTSYR19', 'Resep Syrup Lostacef250mg', 'CEFADROXYL250MG', 150, '', 'Abdul Aziz Abu Kafa'),
('ROBTSYR20', 'Resep Syrup Novachlor 125MG', 'CHLORAMPHENICOL PALMITATE 125MG', 150, '', 'Abdul Aziz Abu Kafa'),
('ROBTSYR21', 'Resep Syrup Novagesic 120MG', 'PARACETAMOL120MG', 150, '', 'Abdul Aziz Abu Kafa'),
('ROBTSYR22', 'Resep Syrup Novagyl125mg', 'METRONIDAZOLE BENZOATE125MG', 150, '', 'Abdul Aziz Abu Kafa'),
('ROBTSYR23', 'Resep Syrup Remco', 'CHLORPHENIRAMINE MALEAT1MG DEXTROMETHORPHAN HYDROBROMIDE5MG GLYCERYL GUAICOLATE50MG PARACETAMOL120MG', 150, '', 'Abdul Aziz Abu Kafa'),
('ROBTSYR24', 'Resep Syrup Roverton15mg', 'AMBROXOL15MG', 150, '', 'Abdul Aziz Abu Kafa'),
('ROBTSYR25', 'Resep Syrup Sucralfat', 'SUCRALFATE500MG', 150, '', 'Abdul Aziz Abu Kafa'),
('ROBTSYR26', 'Resep Syrup Trisela', 'CETIRIZINE HCL5MG', 150, '', 'Abdul Aziz Abu Kafa'),
('ROBTSYR27', 'Resep Syrup Wybert', 'BATUK HERBAL', 150, '', 'Abdul Aziz Abu Kafa'),
('ROBTSYR28', 'Resep Syrup Yekaprim', 'SULFAMETHOXAZOLE200MG TRIMETHOPRIM40MG', 150, '', 'Abdul Aziz Abu Kafa'),
('ROBTSYR29', 'Resep Syrup Yusimox125mg', 'AMOXICILINTRIHYDRATE125MG', 150, '', 'Abdul Aziz Abu Kafa'),
('ROBTSYR30', 'Resep Syrup Yusimox250mg', 'AMOXICILINTRIHYDRATE250MG', 150, '', 'Abdul Aziz Abu Kafa'),
('ROBTSYR31', 'Resep Syrup ZinkMepro20mg', 'ZINCSULFATEMONOHYDRATE20MG', 150, '', 'Abdul Aziz Abu Kafa'),
('ROBTSYR32', 'Resep Syrup ZinkPro20mg', 'ZINCSULFATEMONOHYDRATE20MG', 150, '', 'Abdul Aziz Abu Kafa'),
('ROBTSYR33', 'Resep Syrup Eryra ERITROMICYN', 'ERYTROMICYN STREARATE200MG', 150, '', 'Abdul Aziz Abu Kafa'),
('ROBTSYR34', 'Resep Syrup Cefixime100mg', 'CEFIXIME100MG', 150, '', 'Abdul Aziz Abu Kafa'),
('ROBTSYR35', 'Resep Syrup Maagel', 'CALCIUM CARBONATE500MG MAGNESIUM TRISILIKAT250MG SIMETIKON4MG', 150, '', 'Abdul Aziz Abu Kafa'),
('ROBTSYR36', 'Resep Syrup Laxadine60mlEmulsion GLISERIN', 'PHENOLPHTHALEIN55MG LIQD PARAFFIN1,200MG GLYCERIN378MG', 150, '', 'Abdul Aziz Abu Kafa'),
('ROBTSYR37', 'Resep Syrup Curviplex', 'VITAMIN', 150, '', 'Abdul Aziz Abu Kafa'),
('ROBTSYR38', 'Resep Syrup Chlorexol 125mg', 'CHLORAMPHENICOL125MG', 150, '', 'Abdul Aziz Abu Kafa'),
('ROBTSYR39', 'Resep Syrup OBH', 'GLYCYRRHIZAE SUCCUS160MG CHLORETUM AMMONICUM100MG SOLUTIO AMMONIA SPRITUOSA ANISATA100MG', 150, '', 'Abdul Aziz Abu Kafa'),
('ROBTSYR40', 'Resep Syrup Kompolax', 'PARAFIFIN LIQUID1,5G PHENOLPHTALEIN75MG GLYCEROL1G', 150, '', 'Abdul Aziz Abu Kafa'),
('ROBTSYR41', 'Resep Syrup Farizol', 'METRONIDAZOLE BENZOATE125MG', 150, '', 'Abdul Aziz Abu Kafa'),
('ROBTSYR43', 'Resep Syrup Muliavit', 'VITAMIN', 150, '', 'Abdul Aziz Abu Kafa'),
('ROBTSYR44', 'Resep Syrup HolizincMepro20mg', 'ZINCSULFATEMONOHYDRATE20MG', 150, '', 'Abdul Aziz Abu Kafa'),
('ROBTSYR45', 'Resep Syrup Lasal', 'GLYCERYL GUAIACOLATE75MG SALBUTAMOL SULFATE2MG', 150, '', 'Abdul Aziz Abu Kafa'),
('ROBTSYR46', 'Resep Syrup Gliserin', 'GLICERIN AQUADEMINERALISATA', 150, '', 'Abdul Aziz Abu Kafa'),
('ROBTSYR47', 'Resep Syrup CoparcetinMerah', 'PARACETAMOL120MG GUAIFENESIN50MG EPHEDRINEHCL4MG CHLORPHENAMINEMALEAT1MGETHANOL96%1,6%V/V', 150, '', 'Abdul Aziz Abu Kafa'),
('ROBTSYR48', 'Resep Syrup Caviplex', 'VITAMIN', 150, '', 'Abdul Aziz Abu Kafa'),
('ROBTSYR49', 'Resep Syrup Trifamol120mg', 'PARACETAMOL120MG', 150, '', 'Abdul Aziz Abu Kafa'),
('ROBTSYR50', 'Resep Syrup Omedom5mg', 'DOMPERIDON5MG', 150, '', 'Abdul Aziz Abu Kafa'),
('ROBTSYR51', 'Resep Syrup Tropigesic120mg', 'PARACETAMOL120MG', 150, '', 'Abdul Aziz Abu Kafa'),
('ROBTSYR52', 'Resep Syrup Fenpro100mg', 'IBUPROFEN100MG', 150, '', 'Abdul Aziz Abu Kafa'),
('ROBTSYR53', 'Resep Syrup Citoprim', 'TRIMETHOPRIM40MG SULFAMETHOXAZOLE200MG', 150, '', 'Abdul Aziz Abu Kafa'),
('ROBTSYR54', 'Resep Syrup Curbion', 'CAVICUR', 150, '', 'Abdul Aziz Abu Kafa'),
('ROBTSYR55', 'Resep Syrup Sultrimix', 'TRIMETHOPRIM40MG SULFAMETHOXAZOLE200MG', 150, '', 'Abdul Aziz Abu Kafa'),
('ROBTSYR56', 'Resep Syrup Clanexy', 'AMOXICILINTRIHYDRATE125MG CLAVULANICACID31.25MG', 150, '', 'Abdul Aziz Abu Kafa'),
('ROBTSYR57', 'Resep Syrup Glisend2mg', 'SALBUTAMOL2MG', 150, '', 'Abdul Aziz Abu Kafa'),
('ROBTSYR58', 'Resep Syrup Bufagan', 'PROMETHAZINE2.5MG EPHEDRINE2.5MG AMMONIUM100MG', 150, '', 'Abdul Aziz Abu Kafa'),
('ROBTSYR59', 'Resep Syrup GlisendExpect', 'SALBUTAMOL1MG GUAIFENESIN50MG', 150, '', 'Abdul Aziz Abu Kafa'),
('ROBTSYR60', 'Resep Syrup Helixime100mg', 'CEFIXIME100MG', 150, '', 'Abdul Aziz Abu Kafa'),
('ROBTSYR61', 'Resep Syrup Zentarin100mg', 'IBUPROFEN100MG', 150, '', 'Abdul Aziz Abu Kafa'),
('ROBTSYR62', 'Resep Syrup Lostacef125mg', 'CEFADROXYL125MG', 150, '', 'Abdul Aziz Abu Kafa'),
('ROBTSYR63', 'Resep Syrup CoAmoxiclav', 'AMOXICILINTRIHYDRATE125MG CLAVULANICACID31.25MG', 150, '', 'Abdul Aziz Abu Kafa'),
('ROBTSYR64', 'Resep Syrup Ificol120mg', 'PARACETAMOL120MG', 150, '', 'Abdul Aziz Abu Kafa'),
('ROBTSYR65', 'Resep Syrup Etamox250mg', 'AMOXICILINTRIHYDRATE250MG', 150, '', 'Abdul Aziz Abu Kafa'),
('ROBTSYR67', 'Resep Syrup Zincpro20mg', 'ZINCSULFATEMONOHYDRATE20MG', 150, '', 'Abdul Aziz Abu Kafa'),
('ROBTSYR68', 'Resep Syrup Citomol120mg', 'PARACETAMOL120MG', 150, '', 'Abdul Aziz Abu Kafa'),
('ROBTSYR69', 'Resep Syrup Lactulose3.335g', 'LACTULOSE3.335G', 150, '', 'Abdul Aziz Abu Kafa'),
('ROBTSYR70', 'Resep Syrup Grastop10mg', 'ZINCSULFATEMONOHYDRATE10MG', 150, '', 'Abdul Aziz Abu Kafa'),
('ROBTSYR71', 'Resep Syrup Primadex COTRI', 'SULFAMETHOXAZOLE200MG TRIMETHOPRIM40MG', 150, '', 'Abdul Aziz Abu Kafa'),
('ROBTSYR72', 'Resep Syrup Lyscavit MULTIVITAMIN', 'VITAMIN', 150, '', 'Abdul Aziz Abu Kafa'),
('ROBTSYR73', 'Resep Syrup Oraprofen100mg', 'IBUPROFEN100MG', 150, '', 'Abdul Aziz Abu Kafa'),
('ROBTSYR74', 'Resep Syrup Erlamol120mg', 'PARACETAMOL120MG', 150, '', 'Abdul Aziz Abu Kafa'),
('ROBTSYR75', 'Resep Syrup UniBabyCough', 'PARACETAMOL120MG GUAIFENESIN25MG CHLORPHENAMINEMALEATE1MG', 150, '', 'Abdul Aziz Abu Kafa'),
('ROBTSYR76', 'Resep Syrup OBP ObatBatukPapermint', 'AMMONIUMCHLORIDA150MG AMMONIALIQUIDA0.0014ML MENTHAEPIPERITHIAE0.005ML', 150, '', 'Abdul Aziz Abu Kafa'),
('ROBTSYR77', 'Resep Syrup Lecozinc10mg', 'ZINCSULFATEMONOHYDRATE10MG', 150, '', 'Abdul Aziz Abu Kafa'),
('ROBTSYR78', 'Resep Syrup Minivitadha MV', 'VITAMIN', 150, '', 'Abdul Aziz Abu Kafa'),
('ROBTSYR79', 'Resep Syrup Zultrop COTRI', 'SULFAMETHOXAZOLE200MG TRIMETHOPRIM40MG', 150, '', 'Abdul Aziz Abu Kafa'),
('ROBTSYR80', 'Resep Syrup Pamol120mg', 'PARACETAMOL120MG', 150, '', 'Abdul Aziz Abu Kafa'),
('ROBTSYR81', 'Resep Syrup Novatrim', 'SULFAMETHOXAZOLE200MG TRIMETHOPRIM40MG', 150, '', 'Abdul Aziz Abu Kafa'),
('ROBTSYR82', 'Resep Syrup Triocid', 'ALUMINIUMHIDROXIDE200MG MAGNESIUMHIDROXIDE200MG SIMETICON20MG', 150, '', 'Abdul Aziz Abu Kafa'),
('ROBTSYR83', 'Resep Syrup Sanmol250mg', 'PARACETAMOL250MG', 150, '', 'Abdul Aziz Abu Kafa'),
('ROBTSYR84', 'Resep Syrup Fasgof250mg', 'PARACETAMOL250MG', 150, '', 'Abdul Aziz Abu Kafa'),
('ROBTSYR85', 'Resep Syrup Fasidol160mg', 'PARACETAMOL160MG', 150, '', 'Abdul Aziz Abu Kafa'),
('ROBTSYR86', 'Resep Syrup Insic100mg', 'IBUPROFEN100MG', 150, '', 'Abdul Aziz Abu Kafa'),
('ROBTSYR87', 'Resep Syrup Salbugen2mg', 'SALBUTAMOL2MG', 150, '', 'Abdul Aziz Abu Kafa'),
('ROBTSYR88', 'Resep Syrup Lipepsa500mg', 'SUCRALFATE500MG', 150, '', 'Abdul Aziz Abu Kafa'),
('ROBTSYR89', 'Resep Syrup Erphasal', 'SALBUTAMOL2MG GUAIFENESIN75MG', 150, '', 'Abdul Aziz Abu Kafa'),
('ROBTSYR90', 'Resep Syrup Procurma', 'CURCUMA', 150, '', 'Abdul Aziz Abu Kafa'),
('ROBTSYR91', 'Resep Syrup Sidiadryl', 'DIPHENHYDRAMINE12.5MG AMMONIUMCHLORIDE125MG', 150, '', 'Abdul Aziz Abu Kafa'),
('ROBTSYR92', 'Resep Syrup Vitalysin100ml', 'VITAMIN', 150, '', 'Abdul Aziz Abu Kafa'),
('ROBTSYR93', 'Resep Syrup Vitalysin60ml', 'VITAMIN', 150, '', 'Abdul Aziz Abu Kafa'),
('ROBTSYR94', 'Resep Syrup HiroKids', 'VITAMIN', 150, '', 'Abdul Aziz Abu Kafa'),
('ROBTSYR95', 'Resep Syrup MoriKids', 'VITAMIN', 150, '', 'Abdul Aziz Abu Kafa'),
('ROBTSYR96', 'Resep Syrup Flutamol', 'PARACETAMOL125MG GLYCERYLGUAIALACOLATE12.5MG PHENYLPROPANOLAMINE3.5MG CHLORPENIRAMINEMALEAT0.5MG VIT', 150, '', 'Abdul Aziz Abu Kafa'),
('ROBTSYR97', 'Resep Syrup Vesperum5mg', 'DOMPERIDONE5MG', 150, '', 'Abdul Aziz Abu Kafa'),
('ROBTSYR99', 'Resep Syrup Lactulax LACTULOSE', 'LACTULOSE3.335G', 150, '', 'Abdul Aziz Abu Kafa'),
('ROBTTAB01', 'Resep Tab Acyclovir 400mg', 'ACYCLOVIR 400MG', 150, '', 'Abdul Aziz Abu Kafa'),
('ROBTTAB02', 'Resep Tab Adrome', 'CARBAZOCROME', 150, '', 'Abdul Aziz Abu Kafa'),
('ROBTTAB03', 'Resep Tab Anastan 500mg', 'ASAMEFENEMAT500MG', 150, '', 'Abdul Aziz Abu Kafa'),
('ROBTTAB04', 'Resep Tab Anelat 400mg', 'ASAMFOLAT400MG', 150, '', 'Abdul Aziz Abu Kafa'),
('ROBTTAB05', 'Resep Tab Aspilet 80mg', 'ACETYLSALICYCLICACID80MG', 150, '', 'Abdul Aziz Abu Kafa'),
('ROBTTAB06', 'Resep Tab B100', 'B100', 150, '', 'Abdul Aziz Abu Kafa'),
('ROBTTAB08', 'Resep Tab BicnatPot', 'SODIUMBICARBONATE', 150, '', 'Abdul Aziz Abu Kafa'),
('ROBTTAB09', 'Resep Tab CTMPot 4mg', 'CHLORPHENAMINEMALEATE', 150, '', 'Abdul Aziz Abu Kafa'),
('ROBTTAB10', 'Resep Tab Calcifar', 'CALCIUM', 150, '', 'Abdul Aziz Abu Kafa'),
('ROBTTAB100', 'Resep Tab VipAlbumin', 'ALBUMIN', 150, '', 'Abdul Aziz Abu Kafa'),
('ROBTTAB101', 'Resep Tab VitaminA', 'VITAMIN', 150, '', 'Abdul Aziz Abu Kafa'),
('ROBTTAB102', 'Resep Tab VitaminB1', 'VITAMIN', 150, '', 'Abdul Aziz Abu Kafa'),
('ROBTTAB103', 'Resep Tab VitaminB12', 'VITAMIN', 150, '', 'Abdul Aziz Abu Kafa'),
('ROBTTAB104', 'Resep Tab VitaminB6', 'VITAMIN', 150, '', 'Abdul Aziz Abu Kafa'),
('ROBTTAB105', 'Resep Tab VitaminK', 'VITAMINK4DIACETATE10MG', 150, '', 'Abdul Aziz Abu Kafa'),
('ROBTTAB106', 'Resep Tab VitonalCalci', 'VITAMIN', 150, '', 'Abdul Aziz Abu Kafa'),
('ROBTTAB107', 'Resep Tab VitonalF FE', 'VITAMIN', 150, '', 'Abdul Aziz Abu Kafa'),
('ROBTTAB108', 'Resep Tab VitonalLactaGenio VITDHA', 'VITAMIN', 150, '', 'Abdul Aziz Abu Kafa'),
('ROBTTAB109', 'Resep Tab VitonalM VITM', 'VITAMIN', 150, '', 'Abdul Aziz Abu Kafa'),
('ROBTTAB11', 'Resep Tab CalcifarPlus', 'CALCIUM VITAMIN D', 150, '', 'Abdul Aziz Abu Kafa'),
('ROBTTAB110', 'Resep Tab VitonalAsi VITASI', 'VITAMIN', 150, '', 'Abdul Aziz Abu Kafa'),
('ROBTTAB111', 'Resep Tab Vola10mg', 'DOMPERIDONE10MG', 150, '', 'Abdul Aziz Abu Kafa'),
('ROBTTAB112', 'Resep Tab Vosea10mg', 'METHOMCLOPRAMIDE10MG', 150, '', 'Abdul Aziz Abu Kafa'),
('ROBTTAB113', 'Resep Tab Wiros20mg', 'PIROXICAM20MG', 150, '', 'Abdul Aziz Abu Kafa'),
('ROBTTAB114', 'Resep Tab Zipha20mg', 'ZINCSULFATEMONOHYRATE20MG', 150, '', 'Abdul Aziz Abu Kafa'),
('ROBTTAB115', 'Resep Tab ZultropForte COTRI', 'TRIMETHOPRIM160MG SULFAMETHOXAZOLE800MG', 150, '', 'Abdul Aziz Abu Kafa'),
('ROBTTAB116', 'Resep Tab Spironolactone100mg', 'SPIRONOLACTONE100MG', 150, '', 'Abdul Aziz Abu Kafa'),
('ROBTTAB117', 'Resep Tab Disflatyl40mg', 'DIMETHYLPOLISILOKSANAKTIV40MG', 150, '', 'Abdul Aziz Abu Kafa'),
('ROBTTAB119', 'Resep Tab EverE', 'VITAMIN', 150, '', 'Abdul Aziz Abu Kafa'),
('ROBTTAB12', 'Resep Tab Captopril12.5mg', 'CAPTOPRIL12.5MG', 150, '', 'Abdul Aziz Abu Kafa'),
('ROBTTAB120', 'Resep Tab HCT25mg', 'HYDROCHLOROTHIAZIDE25MG', 150, '', 'Abdul Aziz Abu Kafa'),
('ROBTTAB121', 'Resep Tab Fasorbid5mg', 'ISOSORBIDDINITRATE5MG', 150, '', 'Abdul Aziz Abu Kafa'),
('ROBTTAB122', 'Resep Tab Omekur200mg', 'CIMETIDINE200MG', 150, '', 'Abdul Aziz Abu Kafa'),
('ROBTTAB123', 'Resep Tab Mycazol200mg', 'KETOCONAZOLE200MG', 150, '', 'Abdul Aziz Abu Kafa'),
('ROBTTAB124', 'Resep Tab Erphahexin8mg', 'BROMHEXINE8MG', 150, '', 'Abdul Aziz Abu Kafa'),
('ROBTTAB125', 'Resep Tab Oxycobal500mcg', 'MECOBALAMINE500MCG', 150, '', 'Abdul Aziz Abu Kafa'),
('ROBTTAB126', 'Resep Tab Omefulvin125mg', 'GRISEOFULVIN125MG', 150, '', 'Abdul Aziz Abu Kafa'),
('ROBTTAB127', 'Resep Tab Amlodipine5mg', 'AMLODIPHINE5MG', 150, '', 'Abdul Aziz Abu Kafa'),
('ROBTTAB128', 'Resep Tab EryraForte', 'ERITROMIYNFORTE', 150, '', 'Abdul Aziz Abu Kafa'),
('ROBTTAB129', 'Resep Tab Diastrix2mg', 'LOPERAMIDE2MG', 150, '', 'Abdul Aziz Abu Kafa'),
('ROBTTAB13', 'Resep Tab Cavicur', 'CURCUMA', 150, '', 'Abdul Aziz Abu Kafa'),
('ROBTTAB130', 'Resep Tab AntacidaDoen', 'ALUMINIUMHIDROXIDE MAGNESIUMHIDROXIDE', 150, '', 'Abdul Aziz Abu Kafa'),
('ROBTTAB131', 'Resep Tab Selediar', 'ATTAPPULGITE PECTIN', 150, '', 'Abdul Aziz Abu Kafa'),
('ROBTTAB132', 'Resep Tab Molagit', 'ATTAPPULGITE PECTIN', 150, '', 'Abdul Aziz Abu Kafa'),
('ROBTTAB133', 'Resep Tab Alleron4mg', 'CHLORPHENAMINEMALEATE4MG', 150, '', 'Abdul Aziz Abu Kafa'),
('ROBTTAB134', 'Resep Tab Milorin300mg', 'CLINDAMYCIN300MG', 150, '', 'Abdul Aziz Abu Kafa'),
('ROBTTAB135', 'Resep Tab Albiotin300mg', 'CLINDAMYCIN300MG', 150, '', 'Abdul Aziz Abu Kafa'),
('ROBTTAB136', 'Resep Tab DextralForte', 'DEXTROMETHORPHAN15MG GLYCERYLGUAICOLATE75MG PHENYLPROPANOLAMINE15MG CHLORPHENIRAMINEMALEAT2MG', 150, '', 'Abdul Aziz Abu Kafa'),
('ROBTTAB137', 'Resep Tab Xepadergin4.5mg', 'XEPADERGIN4.5MG', 150, '', 'Abdul Aziz Abu Kafa'),
('ROBTTAB138', 'Resep Tab Brocon', 'PARACETAMOL500MG DEXTROMETHORPHAN10MG FENILEFRIN10MG KLORFENIRMINMALEAT2MG', 150, '', 'Abdul Aziz Abu Kafa'),
('ROBTTAB139', 'Resep Tab Loratadine10mg', 'LORATADINE10MG', 150, '', 'Abdul Aziz Abu Kafa'),
('ROBTTAB14', 'Resep Tab Caviplex', 'VITAMIN', 150, '', 'Abdul Aziz Abu Kafa'),
('ROBTTAB140', 'Resep Tab PSIDII', 'PSIDII', 150, '', 'Abdul Aziz Abu Kafa'),
('ROBTTAB141', 'Resep Tab Nimotop30mg', 'NIMODIPINE30MG', 150, '', 'Abdul Aziz Abu Kafa'),
('ROBTTAB142', 'Resep Tab Allopurinol100mg', 'ALLOPURINOL100MG', 150, '', 'Abdul Aziz Abu Kafa'),
('ROBTTAB143', 'Resep Tab Lambucid', 'ALUMUNIUMHIDROXIDE330MG MAGNESIUMHIDROXIDE2300MG SIMETICON30MG', 150, '', 'Abdul Aziz Abu Kafa'),
('ROBTTAB144', 'Resep Tab Azithromycin500mg', 'AZITHROMYCIN500MG', 150, '', 'Abdul Aziz Abu Kafa'),
('ROBTTAB145', 'Resep Tab Decasurik300mg', 'ALLOPURINOL300MG', 150, '', 'Abdul Aziz Abu Kafa'),
('ROBTTAB146', 'Resep Tab Cefadroxyl500mg', 'CEFADROXYL500MG', 150, '', 'Abdul Aziz Abu Kafa'),
('ROBTTAB147', 'Resep Tab Bisoprolol5mg', 'BISOPROLOL5MG', 150, '', 'Abdul Aziz Abu Kafa'),
('ROBTTAB148', 'Resep Tab Hufralgin / hufalgrin', 'METHAMPYRON500MG THIAMIN50MG PYRIDOXINE100MG CYANOCOBALAMIN100MG', 150, '', 'Abdul Aziz Abu Kafa'),
('ROBTTAB149', 'Resep Tab TrifamolPot', 'PARACETAMOL500MG', 150, '', 'Abdul Aziz Abu Kafa'),
('ROBTTAB15', 'Resep Tab Cequalin', 'DEQUALINIUMCHLORIDEASCORBICACID', 150, '', 'Abdul Aziz Abu Kafa'),
('ROBTTAB150', 'Resep Tab NutradonPot', 'PARACETAMOL500MG', 150, '', 'Abdul Aziz Abu Kafa'),
('ROBTTAB151', 'Resep Tab Flutrop', 'PSEUDOEPHEDRINE HCL30MG TRIPROLIDINE HCL2,5MG', 150, '', 'Abdul Aziz Abu Kafa'),
('ROBTTAB152', 'Resep Tab Novagesic650mg', 'PARACETAMOL650MG', 150, '', 'Abdul Aziz Abu Kafa'),
('ROBTTAB153', 'Resep Tab Degirol0.25mg', 'DEQUALINIUMCHLORIDEASCORBICACID0.25MG', 150, '', 'Abdul Aziz Abu Kafa'),
('ROBTTAB154', 'Resep Tab Vertilon5Mg', 'FLUNARIZINE5MG', 150, '', 'Abdul Aziz Abu Kafa'),
('ROBTTAB155', 'Resep Tab Cefixime100mg', 'CEFIXIME100MG', 150, '', 'Abdul Aziz Abu Kafa'),
('ROBTTAB156', 'Resep Tab GGPot100mg', 'GLYCERYLGUAICOLATE100MG', 150, '', 'Abdul Aziz Abu Kafa'),
('ROBTTAB157', 'Resep Tab Meloxicam7.5mg', 'MELOXICAM7.5MG', 150, '', 'Abdul Aziz Abu Kafa'),
('ROBTTAB158', 'Resep Tab Gabiten INTERHIS', 'MEBHYDROLINE50MG', 150, '', 'Abdul Aziz Abu Kafa'),
('ROBTTAB159', 'Resep Tab TrifacortPot5mg', 'PREDNISON5MG', 150, '', 'Abdul Aziz Abu Kafa'),
('ROBTTAB16', 'Resep Tab Clindamycin300mg', 'CLINDAMYCIN300MG', 150, '', 'Abdul Aziz Abu Kafa'),
('ROBTTAB160', 'Resep Tab DoloLicobin HUFRALGIN', 'METHAMPYRON500MG THIAMIN50MG PYRIDOXINE100MG CYANOCOBALAMIN100MG', 150, '', 'Abdul Aziz Abu Kafa'),
('ROBTTAB161', 'Resep Tab Meloxicam15mg', 'MELOXICAM15MG', 150, '', 'Abdul Aziz Abu Kafa'),
('ROBTTAB162', 'Resep Tab Teosal', 'SALBUTAMOL1MG THEOPHYLLINE130MG', 150, '', 'Abdul Aziz Abu Kafa'),
('ROBTTAB163', 'Resep Tab Acarbose50mg', 'ACARBOSE50MG', 150, '', 'Abdul Aziz Abu Kafa'),
('ROBTTAB164', 'Resep Tab Sirplus', 'SACHARINE', 150, '', 'Abdul Aziz Abu Kafa'),
('ROBTTAB165', 'Resep Tab Vadrol4mg', 'METHYLPREDNISOLONE4MG', 150, '', 'Abdul Aziz Abu Kafa'),
('ROBTTAB166', 'Resep Tab Grafalin4mg', 'SALBUTAMOL4MG', 150, '', 'Abdul Aziz Abu Kafa'),
('ROBTTAB167', 'Resep Tab PrimadexForte', 'TRIMETHOPRIM160MG SULFAMETHOXAZOLE800MG', 150, '', 'Abdul Aziz Abu Kafa'),
('ROBTTAB168', 'Resep Tab CotrimTrimetropimForte', 'TRIMETHOPRIM160MG SULFAMETHOXAZOLE800MG', 150, '', 'Abdul Aziz Abu Kafa'),
('ROBTTAB169', 'Resep Tab Omeproksil500mg', 'CIPROFLOXACIN500MG', 150, '', 'Abdul Aziz Abu Kafa'),
('ROBTTAB17', 'Resep Tab Dacigra', 'CLINDAMYCIN300MG', 150, '', 'Abdul Aziz Abu Kafa'),
('ROBTTAB170', 'Resep Tab FgTroches', 'FRADIOMYCIN2.5MG GRAMICIDIN1MG', 150, '', 'Abdul Aziz Abu Kafa'),
('ROBTTAB171', 'Resep Tab Gravask10mg', 'AMLODIPHINE10MG', 150, '', 'Abdul Aziz Abu Kafa'),
('ROBTTAB172', 'Resep Tab Mirasic500mg', 'PARACETAMOL500MG', 150, '', 'Abdul Aziz Abu Kafa'),
('ROBTTAB173', 'Resep Tab Samquinor500mg', 'CIPROFLOXACIN500MG', 150, '', 'Abdul Aziz Abu Kafa'),
('ROBTTAB174', 'Resep Tab Nexitra500mg', 'TRANEXAMICACID500MG', 150, '', 'Abdul Aziz Abu Kafa'),
('ROBTTAB175', 'Resep Tab Opistan500mg', 'MEFENAMICACID500MG', 150, '', 'Abdul Aziz Abu Kafa'),
('ROBTTAB176', 'Resep Tab Farsifen200mg', 'IBUPROFEN200MG', 150, '', 'Abdul Aziz Abu Kafa'),
('ROBTTAB177', 'Resep Tab Floxigra500mg', 'CIPROFLOXACIN500MG', 150, '', 'Abdul Aziz Abu Kafa'),
('ROBTTAB178', 'Resep Tab Dacin300mg', 'CLINDAMYCIN300MG', 150, '', 'Abdul Aziz Abu Kafa'),
('ROBTTAB179', 'Resep Tab Wellmove250mg', 'GLUCOSAMINE250MG', 150, '', 'Abdul Aziz Abu Kafa'),
('ROBTTAB18', 'Resep Tab Danason0.5mg', 'DEXAMETHASONE0.5MG', 150, '', 'Abdul Aziz Abu Kafa'),
('ROBTTAB180', 'Resep Tab AsparK', 'KLASPARTATE100MG LASPARTATE100MG BISBENTIAMINE10MG PYRIDOXINE5MG', 150, '', 'Abdul Aziz Abu Kafa'),
('ROBTTAB181', 'Resep Tab Hufadon10mg', 'DOMPERIDONE10MG', 150, '', 'Abdul Aziz Abu Kafa'),
('ROBTTAB182', 'Resep Tab Farizol500mg', 'METRONIDAZOLE500MG', 150, '', 'Abdul Aziz Abu Kafa'),
('ROBTTAB183', 'Resep Tab Levopar', 'LEVODOPA100MG BENSERAZIDE25MG', 150, '', 'Abdul Aziz Abu Kafa'),
('ROBTTAB184', 'Resep Tab Primavon', 'TRIMETHOPRIM160MG SULFAMETHOXAZOLE800MG', 150, '', 'Abdul Aziz Abu Kafa'),
('ROBTTAB185', 'Resep Tab KSR600mg', 'POTASSIUMCHLORIDE600MG', 150, '', 'Abdul Aziz Abu Kafa'),
('ROBTTAB186', 'Resep Tab KonilifeLivergard', 'LIVERGARD', 150, '', 'Abdul Aziz Abu Kafa'),
('ROBTTAB187', 'Resep Tab Rifabiotic450mg', 'RIFAMPICIN450MG', 150, '', 'Abdul Aziz Abu Kafa'),
('ROBTTAB19', 'Resep Tab Daneuron', 'THIAMINENITRATE100MG PYRIDOXINE200MG CYANOCOBALAMINE200Mcg', 150, '', 'Abdul Aziz Abu Kafa'),
('ROBTTAB196', 'Resep Tab Citicoline500mg', 'CITICOLINE500MG', 150, '', 'Abdul Aziz Abu Kafa'),
('ROBTTAB198', 'Resep Tab Citoviflex', 'VITAMIN', 150, '', 'Abdul Aziz Abu Kafa'),
('ROBTTAB199', 'Resep Tab Allopurinol300mg', 'ALLOPURINOL300MG', 150, '', 'Abdul Aziz Abu Kafa'),
('ROBTTAB20', 'Resep Tab Beneuron', 'VITAMIN', 150, '', 'Abdul Aziz Abu Kafa'),
('ROBTTAB200', 'Resep Tab Bronsolvan150mg THEOPHYLLINE150MG', 'HEOPHYLLINE150MG', 150, '', 'Abdul Aziz Abu Kafa'),
('ROBTTAB201', 'Resep Tab OndanSetron4mg', 'ONDANSETRON4MG', 150, '', 'Abdul Aziz Abu Kafa'),
('ROBTTAB202', 'Resep Tab Pronam CYPROHEPTADINEHCI', 'CYPROHEPTADINEHCI', 150, '', 'Abdul Aziz Abu Kafa'),
('ROBTTAB203', 'Resep Tab Misotab0.2mg', 'MISOPROSTOL0.2MG', 150, '', 'Abdul Aziz Abu Kafa'),
('ROBTTAB204', 'Resep Tab Elsiron', 'PARACETAMOL650MG GLISERILGUAILACOLATE100MG PHENYLPROPANOLAMINE2MGMG CHLORPHENAMINEMALEAT2MG', 150, '', 'Abdul Aziz Abu Kafa'),
('ROBTTAB205', 'Resep Tab Scopma10mg', 'HYOSCINE10MG', 150, '', 'Abdul Aziz Abu Kafa'),
('ROBTTAB206', 'Resep Tab Candesartan8mg', 'CANDESARTAN8MG', 150, '', 'Abdul Aziz Abu Kafa'),
('ROBTTAB207', 'Resep Tab Seremig10mg', 'FLUNARIZINEDIHYDROCHLORIDE10MG', 150, '', 'Abdul Aziz Abu Kafa'),
('ROBTTAB208', 'Resep Tab Simvastatin20mg', 'SIMVASTATIN20MG', 150, '', 'Abdul Aziz Abu Kafa'),
('ROBTTAB209', 'Resep Tab Thiamex500mg', 'THIAMPHENICOL500MG', 150, '', 'Abdul Aziz Abu Kafa'),
('ROBTTAB21', 'Resep Tab Demacolin', 'PARACETAMOL500MG PSEUDOEFEDRIN7.5MG KLORFENIRAMIN MALEAT2MG', 150, '', 'Abdul Aziz Abu Kafa'),
('ROBTTAB210', 'Resep Tab Histigo', 'BETAHISTINE6MG', 150, '', 'Abdul Aziz Abu Kafa'),
('ROBTTAB211', 'Resep Tab Flumin', 'PARACETAMOL300MG PHENYLPROPANOLAMINE15MG CHLORPHENIRAMINEMALEAT2MG', 150, '', 'Abdul Aziz Abu Kafa'),
('ROBTTAB212', 'Resep Tab Prosmeto', 'RPOSTAKUR', 150, '', 'Abdul Aziz Abu Kafa'),
('ROBTTAB213', 'Resep Tab Zinc20mg', 'ZINCSULFATEMONOHYRATE20MG', 150, '', 'Abdul Aziz Abu Kafa'),
('ROBTTAB214', 'Resep Tab Ermethasone0.5mg', 'DEXAMETHASONE0.5MG', 150, '', 'Abdul Aziz Abu Kafa'),
('ROBTTAB215', 'Resep Tab Hufamycetin250mg', 'CHLORAMPHENICOL250MG', 150, '', 'Abdul Aziz Abu Kafa'),
('ROBTTAB216', 'Resep Tab Prostakur', 'PROSTAKUR', 150, '', 'Abdul Aziz Abu Kafa'),
('ROBTTAB217', 'Resep Tab Ometilson4mg', 'METHYLPREDNISOLONE4MG', 150, '', 'Abdul Aziz Abu Kafa'),
('ROBTTAB218', 'Resep Tab Vadrol8mg', 'METHYLPREDNISOLONE8MG', 150, '', 'Abdul Aziz Abu Kafa'),
('ROBTTAB219', 'Resep Tab Moxigra500mg', 'AMOXICILINTRIHYDRATE500MG', 150, '', 'Abdul Aziz Abu Kafa'),
('ROBTTAB22', 'Resep Tab DexaHarsen0.5mg', 'DEXAMETHASONE 0.5MG', 150, '', 'Abdul Aziz Abu Kafa'),
('ROBTTAB220', 'Resep Tab SildenafilCitrate100mg', 'SILDENAFILCITRATE100MG', 150, '', 'Abdul Aziz Abu Kafa'),
('ROBTTAB221', 'Resep Tab Simvastatin10mg', 'SIMVASTATIN10MG', 150, '', 'Abdul Aziz Abu Kafa'),
('ROBTTAB222', 'Resep Tab Medikon500mg', 'CITICOLINE500MG', 150, '', 'Abdul Aziz Abu Kafa'),
('ROBTTAB223', 'Resep Tab Ambeven', 'AMBEVEN', 150, '', 'Abdul Aziz Abu Kafa'),
('ROBTTAB224', 'Resep Tab Norpid20mg', 'SIMVASTATIN20MG', 150, '', 'Abdul Aziz Abu Kafa'),
('ROBTTAB225', 'Resep Tab Selvim20mg', 'SIMVASTATIN20MG', 150, '', 'Abdul Aziz Abu Kafa'),
('ROBTTAB226', 'Resep Tab Biomega', 'METHAMPYRON500MG THIAMIN50MG PYRIDOXINE50MG CYANOCOBALAMIN100MG', 150, '', 'Abdul Aziz Abu Kafa'),
('ROBTTAB227', 'Resep Tab Ondanostin4mg', 'ONDANSETRON4MG', 150, '', 'Abdul Aziz Abu Kafa'),
('ROBTTAB228', 'Resep Tab Ramoxyl500mg', 'AMOXICILINTRIHYDRATE500MG', 150, '', 'Abdul Aziz Abu Kafa'),
('ROBTTAB229', 'Resep Tab Tifestan500mg', 'MEFENAMICACID500MG', 150, '', 'Abdul Aziz Abu Kafa'),
('ROBTTAB23', 'Resep Tab DexteemPlus', 'DEXCHLORPHENIRAMINEMALEAT DEXAMETHASONE', 150, '', 'Abdul Aziz Abu Kafa'),
('ROBTTAB230', 'Resep Tab Placta75mg', 'CLOPIDOGREL75MG', 150, '', 'Abdul Aziz Abu Kafa'),
('ROBTTAB231', 'Resep Tab Trifastan500mg', 'MEFENAMICACID500MG', 150, '', 'Abdul Aziz Abu Kafa'),
('ROBTTAB232', 'Resep Tab Quantidex', 'PSEUDOEFEDRIN60MG TRIPROLIDIN2.5MG', 150, '', 'Abdul Aziz Abu Kafa'),
('ROBTTAB233', 'Resep Tab LicokalkPlus', 'CALCIUM VITAMIND', 150, '', 'Abdul Aziz Abu Kafa'),
('ROBTTAB234', 'Resep Tab Rifabiotic600mg', 'RIFAMPICIN600MG', 150, '', 'Abdul Aziz Abu Kafa'),
('ROBTTAB235', 'Resep Tab Fenamin500mg', 'MEFENAMICACID500MG', 150, '', 'Abdul Aziz Abu Kafa'),
('ROBTTAB236', 'Resep Tab Zoline50mg', 'MEBHYDROLINE50MG', 150, '', 'Abdul Aziz Abu Kafa'),
('ROBTTAB237', 'Resep Tab Fasidol650mg', 'PARACETAMOL650MG', 150, '', 'Abdul Aziz Abu Kafa'),
('ROBTTAB238', 'Resep Tab Suprabiotic500mg', 'TETRACYCLINEHCI500MG', 150, '', 'Abdul Aziz Abu Kafa'),
('ROBTTAB239', 'Resep Tab Gastricon200mg', 'CIMETIDIN200MG', 150, '', 'Abdul Aziz Abu Kafa'),
('ROBTTAB24', 'Resep Tab Dionicol', 'THIAMPHENICOL500MG', 150, '', 'Abdul Aziz Abu Kafa'),
('ROBTTAB240', 'Resep Tab Omemox500mg', 'AMOXICILINTRIHYDRATE500MG', 150, '', 'Abdul Aziz Abu Kafa'),
('ROBTTAB241', 'Resep Tab Mirasic650mg', 'PARACETAMOL650MG', 150, '', 'Abdul Aziz Abu Kafa'),
('ROBTTAB242', 'Resep Tab Yusimox500mg', 'AMOXICILINTRIHYDRATE500MG', 150, '', 'Abdul Aziz Abu Kafa'),
('ROBTTAB243', 'Resep Tab InfatrimForte', 'TRIMETHOPRIM160MG SULFAMETHOXAZOLE800MG', 150, '', 'Abdul Aziz Abu Kafa'),
('ROBTTAB244', 'Resep Tab Scanidin DEXTRALFORTE', 'DEXTROMETHORPHAN15MG DHIPHENHYDRAMINE10MG', 150, '', 'Abdul Aziz Abu Kafa'),
('ROBTTAB245', 'Resep Tab Sevotam800mg', 'PYRACETAM800MG', 150, '', 'Abdul Aziz Abu Kafa'),
('ROBTTAB246', 'Resep Tab Microtina125mg', 'CHLORAMPHENICOL125MG', 150, '', 'Abdul Aziz Abu Kafa'),
('ROBTTAB247', 'Resep Tab PTU100mg', 'PROPYLTHIORACIL100mg', 150, '', 'Abdul Aziz Abu Kafa'),
('ROBTTAB248', 'Resep Tab Spasminal', 'HYOSCINE10MG PARACETAMOL500MG', 150, '', 'Abdul Aziz Abu Kafa'),
('ROBTTAB249', 'Resep Tab Mexon', 'DEXCHLORPHENIRAMINEMALEAT DEXAMETHASONE', 150, '', 'Abdul Aziz Abu Kafa'),
('ROBTTAB25', 'Resep Tab Enatin', 'OLEUMLINI150MG OLEOUMJUNIPERI50MG OLEUMMENTHAPIPERITAE50MG', 150, '', 'Abdul Aziz Abu Kafa'),
('ROBTTAB250', 'Resep Tab Zultrop', 'TRIMETHOPRIM80MG SULFAMETHOXAZOLE400MG', 150, '', 'Abdul Aziz Abu Kafa'),
('ROBTTAB251', 'Resep Tab Purinic 300mg', 'ALLOPURINOL300MG', 150, '', 'Abdul Aziz Abu Kafa'),
('ROBTTAB252', 'Resep Tab Ondansetron8mg', 'ONDANSETRON80MG', 150, '', 'Abdul Aziz Abu Kafa'),
('ROBTTAB253', 'Resep Tab Doxycycline100mg', 'DOXYCYCLINE100MG', 150, '', 'Abdul Aziz Abu Kafa'),
('ROBTTAB254', 'Resep Tab Diaramid2mg', 'LOPERAMIDE2MG', 150, '', 'Abdul Aziz Abu Kafa'),
('ROBTTAB255', 'Resep Tab Parafen', 'PARASETAMOL350MG IBUPROFEN200MG', 150, '', 'Abdul Aziz Abu Kafa'),
('ROBTTAB256', 'Resep Tab Selvim10mg', 'SIMVASTATIN10MG', 150, '', 'Abdul Aziz Abu Kafa'),
('ROBTTAB257', 'Resep Tab Kurkumex', 'LIVERGARD', 150, '', 'Abdul Aziz Abu Kafa'),
('ROBTTAB258', 'Resep Tab Erphacyp4mg', 'CIPROHEPTADINE4MG', 150, '', 'Abdul Aziz Abu Kafa'),
('ROBTTAB259', 'Resep Tab CalcixD', 'CALCIUM VITAMIND', 150, '', 'Abdul Aziz Abu Kafa'),
('ROBTTAB26', 'Resep Tab Erbifin METRONIDAZOLE', 'METRONIDAZOLE500MG', 150, '', 'Abdul Aziz Abu Kafa'),
('ROBTTAB260', 'Resep Tab CoAmoxiclav', 'AMOXICILINTRIHYDRATE500MG CLAVULANICACID125MG', 150, '', 'Abdul Aziz Abu Kafa'),
('ROBTTAB261', 'Resep Tab Kolicgon', 'HYOSCINE10MG PARACETAMOL500MG', 150, '', 'Abdul Aziz Abu Kafa'),
('ROBTTAB262', 'Resep Tab Allopurinol300mg', 'ALLOPURINOL300MG', 150, '', 'Abdul Aziz Abu Kafa'),
('ROBTTAB263', 'Resep Tab Ramabion', 'VitFE FERROGLUCONATE,COPPERSULFATE,MANGANESE,FOLICACID,VITAMINC,B12', 150, '', 'Abdul Aziz Abu Kafa'),
('ROBTTAB264', 'Resep Tab Farmoten25mg', 'CAPTOPRIL25MG', 150, '', 'Abdul Aziz Abu Kafa'),
('ROBTTAB265', 'Resep Tab Etabion FE', 'FE', 150, '', 'Abdul Aziz Abu Kafa'),
('ROBTTAB266', 'Resep Tab Trifadium2mg', 'LOPERAMIDE2MG', 150, '', 'Abdul Aziz Abu Kafa'),
('ROBTTAB267', 'Resep Tab Nodrof', 'PARACETAMOL650MG PHENYLPROPANOLAMINE10MG DIPHENHYDRAMINE15MG', 150, '', 'Abdul Aziz Abu Kafa'),
('ROBTTAB268', 'Resep Tab Omeneuron', 'THIAMINENITRATE100MG PYRIDOXINE200MG CYANOCOBALAMINE200Mcg', 150, '', 'Abdul Aziz Abu Kafa'),
('ROBTTAB269', 'Resep Tab Bional', 'FE', 150, '', 'Abdul Aziz Abu Kafa'),
('ROBTTAB27', 'Resep Tab Erkade', 'CALCIUM', 150, '', 'Abdul Aziz Abu Kafa'),
('ROBTTAB270', 'Resep Tab Folamef400mg', 'ASAMFOLAT400MG', 150, '', 'Abdul Aziz Abu Kafa'),
('ROBTTAB271', 'Resep Tab Folamef1000mg', 'ASAMFOLAT1000MG', 150, '', 'Abdul Aziz Abu Kafa'),
('ROBTTAB272', 'Resep Tab Prenase', 'VITAMIN HAMIL', 150, '', 'Abdul Aziz Abu Kafa'),
('ROBTTAB273', 'Resep Tab Suprabion', 'FE', 150, '', 'Abdul Aziz Abu Kafa'),
('ROBTTAB274', 'Resep Tab Mirabion', 'FE', 150, '', 'Abdul Aziz Abu Kafa'),
('ROBTTAB275', 'Resep Tab OmegaVit', 'FE', 150, '', 'Abdul Aziz Abu Kafa'),
('ROBTTAB276', 'Resep Tab Folaxin400MG', 'ASAMFOLAT400MG', 150, '', 'Abdul Aziz Abu Kafa'),
('ROBTTAB277', 'Resep Tab Harnal', 'PROSTAKUR', 150, '', 'Abdul Aziz Abu Kafa'),
('ROBTTAB278', 'Resep Tab Grafazol500mg', 'METRONIDAZOLE500MG', 150, '', 'Abdul Aziz Abu Kafa'),
('ROBTTAB279', 'Resep Tab Mixalgin', 'METAMIZOLE500MG THIAMINE50MG PYRIDOXINE10MG CYANOCOBALAMIN10MG CAFFEINE50MG', 150, '', 'Abdul Aziz Abu Kafa'),
('ROBTTAB28', 'Resep Tab Erlamol650mg', 'PARACETAMOL650MG', 150, '', 'Abdul Aziz Abu Kafa'),
('ROBTTAB280', 'Resep Tab Erlapect30mg', 'AMROXOL30MG', 150, '', 'Abdul Aziz Abu Kafa'),
('ROBTTAB281', 'Resep Tab Erlapur100mg', 'ALLOPURINOL100MG', 150, '', 'Abdul Aziz Abu Kafa'),
('ROBTTAB282', 'Resep Tab Neoremat', 'PARACETAMOL350MG IBUPROFEN200MG', 150, '', 'Abdul Aziz Abu Kafa'),
('ROBTTAB283', 'Resep Tab Tasdiar2mg', 'LOPERAMIDEHCL2MG', 150, '', 'Abdul Aziz Abu Kafa'),
('ROBTTAB284', 'Resep Tab Imodiar2mg', 'LOPERAMIDEHCL2MG', 150, '', 'Abdul Aziz Abu Kafa'),
('ROBTTAB285', 'Resep Tab Faridexon0,75', 'DEXAMETHASONE0,75', 150, '', 'Abdul Aziz Abu Kafa'),
('ROBTTAB286', 'Resep Tab Lanadexone0,5', 'DEXAMETHASONE0,5', 150, '', 'Abdul Aziz Abu Kafa'),
('ROBTTAB287', 'Resep Tab Novakal', 'CALCIUMLACTATE500MG', 150, '', 'Abdul Aziz Abu Kafa'),
('ROBTTAB288', 'Resep Tab Etafen400mg', 'IBUPROFEN400MG', 150, '', 'Abdul Aziz Abu Kafa'),
('ROBTTAB289', 'Resep Tab Hicholfen100mg', 'FENOFIBRATE100MG', 150, '', 'Abdul Aziz Abu Kafa'),
('ROBTTAB29', 'Resep Tab Erlamoxy500mg', 'AMOXICILINTRIHYDRATE500MG', 150, '', 'Abdul Aziz Abu Kafa'),
('ROBTTAB290', 'Resep Tab Grantusip', 'DEXTROMETHORPHAN HBR15MG GLICERYLGUAIACOLAT100MG DIPHENHYDRAMINE HCL5MG', 150, '', 'Abdul Aziz Abu Kafa'),
('ROBTTAB291', 'Resep Tab Laxana5mg', 'BISACODYL5MG', 150, '', 'Abdul Aziz Abu Kafa'),
('ROBTTAB292', 'Resep Tab Samrox20mg', 'PIROXICAM20MG', 150, '', 'Abdul Aziz Abu Kafa'),
('ROBTTAB293', 'Resep Tab Prostam', 'TAMSULOSINHCL 400MCG', 150, '', 'Abdul Aziz Abu Kafa'),
('ROBTTAB294', 'Resep Tab Hufaflox500MG', 'CIPROFLOXACIN500MG', 150, '', 'Abdul Aziz Abu Kafa'),
('ROBTTAB295', 'Resep Tab Farsifen400mg', 'IBUPROFEN400MG', 150, '', 'Abdul Aziz Abu Kafa'),
('ROBTTAB296', 'Resep Tab Kaditic50mg', 'DICLOFENAC POTASSIUM 50mg', 150, '', 'Abdul Aziz Abu Kafa'),
('ROBTTAB297', 'Resep Tab Interhistin50mg', 'MEBHYDROLINE50MG', 150, '', 'Abdul Aziz Abu Kafa'),
('ROBTTAB298', 'Resep Tab CalciD', 'CALCIUMPHOSPATE333,34MG CALCIUMCITRATE666,66MG VITAMIND3400IU', 150, '', 'Abdul Aziz Abu Kafa'),
('ROBTTAB299', 'Resep Tab GestiaminPluz', 'VITAMINHAMIL', 150, '', 'Abdul Aziz Abu Kafa'),
('ROBTTAB30', 'Resep Tab Erlatam', 'PIRACETAM800MG', 150, '', 'Abdul Aziz Abu Kafa'),
('ROBTTAB300', 'Resep Tab Voldiamer', 'PYRATHIAZIN ETHEOCLATE40MGPYRIDOXINEHCL37,5MG', 150, '', 'Abdul Aziz Abu Kafa'),
('ROBTTAB301', 'Resep Tab EmturnasForte 650mg', 'PARACETAMOL650MG', 150, '', 'Abdul Aziz Abu Kafa'),
('ROBTTAB302', 'Resep Tab NatriumDiclofenac50MG', 'NATRIUMDICLOFENAC50MG', 150, '', 'Abdul Aziz Abu Kafa'),
('ROBTTAB303', 'Resep Tab Novagesic500mg', 'PARACETAMOL500MG', 150, '', 'Abdul Aziz Abu Kafa'),
('ROBTTAB304', 'Resep Tab Fenofibrate100mg', 'FENOFIBRATE100MG', 150, '', 'Abdul Aziz Abu Kafa'),
('ROBTTAB305', 'Resep Tab Bimacyl', 'IBUPROFEN200MG PARACETAMOL350MG', 150, '', 'Abdul Aziz Abu Kafa'),
('ROBTTAB306', 'Resep Tab Omedrinat 50mg', 'DIMENHYDRINATE50MG', 150, '', 'Abdul Aziz Abu Kafa'),
('ROBTTAB307', 'Resep Tab TrimetraForte', 'TRIMOTHOPRIM160MG SULFAMETHOXAZOLE800MG', 150, '', 'Abdul Aziz Abu Kafa'),
('ROBTTAB308', 'Resep Tab Propanolol10', 'PROPANOLOL10MG', 150, '', 'Abdul Aziz Abu Kafa'),
('ROBTTAB309', 'Resep Tab Renadinac50MG', 'NATRIUM DICLOFENAC50MG', 150, '', 'Abdul Aziz Abu Kafa'),
('ROBTTAB31', 'Resep Tab Ermethason0.75mg', 'DEXAMETHASONE 0.75MG', 150, '', 'Abdul Aziz Abu Kafa'),
('ROBTTAB310', 'Resep Tab Fenaren50mg', 'DICLOFENAC SODIUM50MG', 150, '', 'Abdul Aziz Abu Kafa'),
('ROBTTAB311', 'Resep Tab Hufadine150mg', 'RANITIDINE150MG', 150, '', 'Abdul Aziz Abu Kafa'),
('ROBTTAB312', 'Resep Tab Tidifar400mg', 'CIMETIDINE400MG', 150, '', 'Abdul Aziz Abu Kafa'),
('ROBTTAB313', 'Resep Tab Grafadon Forte 650mg', 'PARACETAMOL650MG', 150, '', 'Abdul Aziz Abu Kafa'),
('ROBTTAB314', 'Resep Tab Omegdiar', 'KAOLIN700MG PECTIN50MG', 150, '', 'Abdul Aziz Abu Kafa'),
('ROBTTAB315', 'Resep Tab Folarin400mg', 'ASAMFOLAT400MG', 150, '', 'Abdul Aziz Abu Kafa'),
('ROBTTAB316', 'Resep Tab FitbesForce', 'VITAMIN', 150, '', 'Abdul Aziz Abu Kafa'),
('ROBTTAB317', 'Resep Tab FeBion', 'FE', 150, '', 'Abdul Aziz Abu Kafa'),
('ROBTTAB318', 'Resep Tab Asonfen0,5mg', 'DEXAMETHASON0,5', 150, '', 'Abdul Aziz Abu Kafa'),
('ROBTTAB319', 'Resep Tab Panstonal500mg', 'MEFENAMIC ACID500MG', 150, '', 'Abdul Aziz Abu Kafa'),
('ROBTTAB32', 'Resep Tab Ermuno', 'VITAMIN', 150, '', 'Abdul Aziz Abu Kafa'),
('ROBTTAB320', 'Resep Tab Plasminex500mg', 'TRANEXAMIC ACID500MG', 150, '', 'Abdul Aziz Abu Kafa'),
('ROBTTAB321', 'Resep Tab VitC', 'VITAMINC', 150, '', 'Abdul Aziz Abu Kafa'),
('ROBTTAB322', 'Resep Tab Dobrizol30MG', 'LANSOPRAZOLE30MG', 150, '', 'Abdul Aziz Abu Kafa'),
('ROBTTAB323', 'Resep Tab Nephrolit', 'BATUURINDISALURANKEMIH', 150, '', 'Abdul Aziz Abu Kafa'),
('ROBTTAB324', 'Resep Tab Cimetidine 400mg', 'CIMETIDINE400MG', 150, '', 'Abdul Aziz Abu Kafa'),
('ROBTTAB325', 'Resep Tab Solvitral', 'VITAMIN', 150, '', 'Abdul Aziz Abu Kafa'),
('ROBTTAB326', 'Resep Tab Dapyrin500mg', 'PARACETAMOL500MG', 150, '', 'Abdul Aziz Abu Kafa'),
('ROBTTAB327', 'Resep Tab Pacetik500mg', 'PARACETAMOL500MG', 150, '', 'Abdul Aziz Abu Kafa'),
('ROBTTAB328', 'Resep Tab Zetamol650mg', 'PARACETAMOL650MG', 150, '', 'Abdul Aziz Abu Kafa'),
('ROBTTAB329', 'Resep Tab Oratemp650mg', 'PARACETAMOL650MG', 150, '', 'Abdul Aziz Abu Kafa'),
('ROBTTAB33', 'Resep Tab Erphaflam50mg', 'DICLOFENACPOTASSIUM50mg', 150, '', 'Abdul Aziz Abu Kafa'),
('ROBTTAB330', 'Resep Tab Calvita', 'VITAMIN', 150, '', 'Abdul Aziz Abu Kafa'),
('ROBTTAB331', 'Resep Tab Acyclovir200mg', 'ACYCLOVIR200MG', 200, '', 'Abdul Aziz Abu Kafa'),
('ROBTTAB332', 'Resep Tab Lansogra 30mg', 'LANSOPRAZOLE30MG', 150, '', 'Abdul Aziz Abu Kafa'),
('ROBTTAB333', 'Resep Tab Metamol500MG', 'PARACETAMOL500MG', 150, '', 'Abdul Aziz Abu Kafa'),
('ROBTTAB334', 'Resep Tab BronchifarPlus', 'PARACETAMOL500MG GUAIFENESIN100MG DEXTROMETHORPHANHBr15MG PHENYLPROPANOLAMINEHCL15MG CHLORPHENIRAMIN', 150, '', 'Abdul Aziz Abu Kafa'),
('ROBTTAB335', 'Resep Tab Amlodipine10mg', 'AMLODIPINE10MG', 150, '', 'Abdul Aziz Abu Kafa'),
('ROBTTAB336', 'Resep Tab Piracetam800mg', 'PIRACETAM800MG', 150, '', 'Abdul Aziz Abu Kafa'),
('ROBTTAB337', 'Resep Tab Piroxicam20mg', 'PIROXICAM20MG', 150, '', 'Abdul Aziz Abu Kafa'),
('ROBTTAB338', 'Resep Tab Diapect', 'ATTAPULGITE650MG PECTIN50MG', 150, '', 'Abdul Aziz Abu Kafa'),
('ROBTTAB339', 'Resep Tab Ketoprofen100MG', 'KETOPROFEN100MG', 150, '', 'Abdul Aziz Abu Kafa'),
('ROBTTAB34', 'Resep Tab Erphamol500mg', 'PARACETAMOL500MG', 150, '', 'Abdul Aziz Abu Kafa'),
('ROBTTAB340', 'Resep Tab Furosemid 40mg', 'FUROSEMIDE40MG', 150, '', 'Abdul Aziz Abu Kafa'),
('ROBTTAB341', 'Resep Tab Dexteem2mg', 'DEXCHLORPHENIRAMINEMALEAT2MG', 150, '', 'Abdul Aziz Abu Kafa'),
('ROBTTAB342', 'Resep Tab Bimaflox500mg', 'CIPROFLOXACIN500MG', 150, '', 'Abdul Aziz Abu Kafa'),
('ROBTTAB343', 'Resep Tab Mantino50mg', 'DIMENHYDRINATE50MG', 150, '', 'Abdul Aziz Abu Kafa'),
('ROBTTAB344', 'Resep Tab Clopidogrel75mg', 'CLOPIDOGREL75MG', 150, '', 'Abdul Aziz Abu Kafa'),
('ROBTTAB345', 'Resep Tab Asifit', 'VITAMINASI', 150, '', 'Abdul Aziz Abu Kafa'),
('ROBTTAB346', 'Resep Tab HerbatiaSariImuno', 'VITAMIN', 150, '', 'Abdul Aziz Abu Kafa'),
('ROBTTAB347', 'Resep Tab HerbatiaSariOxyfit', 'VITAMIN', 150, '', 'Abdul Aziz Abu Kafa'),
('ROBTTAB348', 'Resep Tab NoritCaplang', 'KARBONAKTIVATUS125MG EXCIPIENTSAD325MG', 150, '', 'Abdul Aziz Abu Kafa'),
('ROBTTAB349', 'Resep Tab Dopamet250mg', 'METHYLDOPA250MG', 150, '', 'Abdul Aziz Abu Kafa'),
('ROBTTAB35', 'Resep Tab Erphamol650mg', 'PARACETAMOL650MG', 150, '', 'Abdul Aziz Abu Kafa'),
('ROBTTAB350', 'Resep Tab Vidabion', 'FE', 150, '', 'Abdul Aziz Abu Kafa'),
('ROBTTAB351', 'Resep Tab Blivit B1', 'VITAMIN', 150, '', 'Abdul Aziz Abu Kafa'),
('ROBTTAB352', 'Resep Tab Dimenhydrinate50mg', 'DIMENHYDRINATE50MG', 150, '', 'Abdul Aziz Abu Kafa'),
('ROBTTAB353', 'Resep Tab Daiticin500mg', 'THIAMPHENICOL500MG', 150, '', 'Abdul Aziz Abu Kafa'),
('ROBTTAB354', 'Resep Tab Denicam20mg', 'PIROXICAM20MG', 150, '', 'Abdul Aziz Abu Kafa'),
('ROBTTAB355', 'Resep Tab Fenofibrate300mg', 'FENOFIBRATE300MG', 150, '', 'Abdul Aziz Abu Kafa'),
('ROBTTAB356', 'Resep Tab Sopros 0,2mg', 'MISOPROSTOL0,2MG', 150, '', 'Abdul Aziz Abu Kafa'),
('ROBTTAB357', 'Resep Tab ErphatrimForte', 'TRIMETHOPRIM160MG SULFAMETHOXAZOLE800MG', 150, '', 'Abdul Aziz Abu Kafa'),
('ROBTTAB358', 'Resep Tab NeoErphaVitalgin', 'METAMIZOLE500MG VITAMINB150MG VITAMINB6100MG VITAMINB12100MCG', 150, '', 'Abdul Aziz Abu Kafa'),
('ROBTTAB359', 'Resep Tab Omegesic', 'METAMPIRON500MG VITAMINB150MG VITAMINB6100MG VITAMINB12100MCG', 150, '', 'Abdul Aziz Abu Kafa'),
('ROBTTAB36', 'Resep Tab Ersolon4mg', 'METHYLPREDNISOLONE4MG', 150, '', 'Abdul Aziz Abu Kafa'),
('ROBTTAB360', 'Resep Tab Allopril300mg', 'ALLOPURINOL300MG', 150, '', 'Abdul Aziz Abu Kafa'),
('ROBTTAB361', 'Resep Tab Erphanervion', 'VITAMINB1100MG VITAMINB6200MCG VITAMINB12200MCG', 150, '', 'Abdul Aziz Abu Kafa'),
('ROBTTAB362', 'Resep Tab FOLACIT400MG', 'ASAMFOLAT400MG', 150, '', 'Abdul Aziz Abu Kafa'),
('ROBTTAB363', 'Resep Tab Katusi', 'VITAMINASI', 150, '', 'Abdul Aziz Abu Kafa'),
('ROBTTAB364', 'Resep Tab Farsiretic40mg', 'FUROSEMIDE40MG', 150, '', 'Abdul Aziz Abu Kafa'),
('ROBTTAB365', 'Resep Tab Biopradyn', 'VITAMIN', 150, '', 'Abdul Aziz Abu Kafa'),
('ROBTTAB366', 'Resep Tab Citomol500mg', 'PARACETAMOL500MG', 150, '', 'Abdul Aziz Abu Kafa'),
('ROBTTAB367', 'Resep Tab Trifamol650mg', 'PARACETAMOL650MG', 150, '', 'Abdul Aziz Abu Kafa'),
('ROBTTAB368', 'Resep Tab OraCacingan500mg', 'MEBENDAZOLE500MG', 150, '', 'Abdul Aziz Abu Kafa'),
('ROBTTAB369', 'Resep Tab Coxiron120mg', 'ETORICOXIB120MG', 150, '', 'Abdul Aziz Abu Kafa'),
('ROBTTAB37', 'Resep Tab Ertensi5mg', 'AMLODIPHINE5MG', 150, '', 'Abdul Aziz Abu Kafa'),
('ROBTTAB370', 'Resep Tab Omegzole200mg', 'KETOCONAZOLE200MG', 150, '', 'Abdul Aziz Abu Kafa'),
('ROBTTAB371', 'Resep Tab Fasiprim forte 960', 'TRIMETHOPRIM160MG SULFAMETHOXAZOLE800MG', 150, '', 'Abdul Aziz Abu Kafa'),
('ROBTTAB372', 'Resep Tab Coxiron90mg', 'ETORICOXIB90MG', 150, '', 'Abdul Aziz Abu Kafa'),
('ROBTTAB373', 'Resep Tab Blesifen50mg', 'CLOMIPHENECITRATE50MG', 150, '', 'Abdul Aziz Abu Kafa'),
('ROBTTAB374', 'Resep Tab SantaE400IU', 'VITAMINE400IU', 150, '', 'Abdul Aziz Abu Kafa'),
('ROBTTAB375', 'Resep Tab VitaminD3400IU', 'VITAMIND3400IU', 150, '', 'Abdul Aziz Abu Kafa'),
('ROBTTAB376', 'Resep Tab Mecovit1000IU', 'VITAMIND1000IU', 150, '', 'Abdul Aziz Abu Kafa');
INSERT INTO `opname` (`id`, `obat`, `jenis`, `so`, `note`, `user`) VALUES
('ROBTTAB377', 'Resep Tab Imunos', 'VITAMIN', 150, '', 'Abdul Aziz Abu Kafa'),
('ROBTTAB378', 'Resep Tab Alofar100', 'ALLOPURINOL100MG', 150, '', 'Abdul Aziz Abu Kafa'),
('ROBTTAB379', 'Resep Tab Enervonc', 'VITAMINC500MG NIASINAMIDE50MG KALSIUMPANTOTENAT20MG VITAMINB150MG VITAMINB225MG VITAMINB610MG VITAMI', 150, '', 'Abdul Aziz Abu Kafa'),
('ROBTTAB38', 'Resep Tab Ervask10mg', 'AMLODIPHINE10MG', 150, '', 'Abdul Aziz Abu Kafa'),
('ROBTTAB380', 'Resep Tab Flutamol', 'PARACETAMOL500MG PHENYLPROPANOLAMINEHCL15MG CHLORPHENIRAMINEMALEAT2MG GLYCERYLGUAICOLATE50MG', 150, '', 'Abdul Aziz Abu Kafa'),
('ROBTTAB381', 'Resep Tab Albusmed', 'PROTEINALBUMIN', 150, '', 'Abdul Aziz Abu Kafa'),
('ROBTTAB382', 'Resep Tab BionicomC500', 'VITAMIN', 150, '', 'Abdul Aziz Abu Kafa'),
('ROBTTAB383', 'Resep Tab Zidalev500mg', 'LEVOFLOXACIN500MG', 150, '', 'Abdul Aziz Abu Kafa'),
('ROBTTAB384', 'Resep Tab Renovit', 'VITAMIN', 150, '', 'Abdul Aziz Abu Kafa'),
('ROBTTAB385', 'Resep Tab Meproce500MG', 'VITAMINC500MG', 150, '', 'Abdul Aziz Abu Kafa'),
('ROBTTAB386', 'Resep Tab DexaHarsen 0.75', 'DEXAMETHASON0,75', 150, '', 'Abdul Aziz Abu Kafa'),
('ROBTTAB387', 'Resep Tab Rhemafar4mg', 'METHYLPREDNISOLONE4MG', 150, '', 'Abdul Aziz Abu Kafa'),
('ROBTTAB388', 'Resep Tab Domperidone 10mg', 'DOMPERIDONE10MG', 150, '', 'Abdul Aziz Abu Kafa'),
('ROBTTAB389', 'Resep Tab EnervonActive', 'VITAMIN', 150, '', 'Abdul Aziz Abu Kafa'),
('ROBTTAB39', 'Resep Tab Etaflox500mg', 'CIPROFLOXACIN500MG', 150, '', 'Abdul Aziz Abu Kafa'),
('ROBTTAB390', 'Resep Tab MethylPrednisolone4mg', 'METHYLPREDNISOLONE4MG', 150, '', 'Abdul Aziz Abu Kafa'),
('ROBTTAB391', 'Resep Tab Novaflox500mg', 'CIPROFLOXACIN500MG', 150, '', 'Abdul Aziz Abu Kafa'),
('ROBTTAB392', 'Resep Tab Sammoxin500mg', 'AMOXICILINTRIHYDRATE500MG', 150, '', 'Abdul Aziz Abu Kafa'),
('ROBTTAB393', 'Resep Tab MethylPrednisolone8mg', 'METHYLPREDNISOLONE8MG', 150, '', 'Abdul Aziz Abu Kafa'),
('ROBTTAB394', 'Resep Tab MolexFlu', 'PARACETAMOL500MG PHENYLPROPANOLAMINEHCL12,5 CHLORPENIRAMINEMALEAT2MG', 150, '', 'Abdul Aziz Abu Kafa'),
('ROBTTAB395', 'Resep Tab CaviplexCDEZ', 'VITAMIN', 150, '', 'Abdul Aziz Abu Kafa'),
('ROBTTAB396', 'Resep Tab Orarheuma', 'IBUPROFEN200MG PARACETAMOL350MG', 150, '', 'Abdul Aziz Abu Kafa'),
('ROBTTAB397', 'Resep Tab Tifalsic', 'IBUPROFEN200MG PARACETAMOL350MG', 150, '', 'Abdul Aziz Abu Kafa'),
('ROBTTAB398', 'Resep Tab Vesperum', 'DOMPERIDONE10MG', 150, '', 'Abdul Aziz Abu Kafa'),
('ROBTTAB399', 'Resep Tab Magnidicon', 'MAGNESIUMHIDROKSIDA300MG ALUMINIUMHIDROKSIDA300MG SIMETIKON40MG', 150, '', 'Abdul Aziz Abu Kafa'),
('ROBTTAB40', 'Resep Tab Fargoxin0.25mg', 'DIGOXIN0.25MG', 150, '', 'Abdul Aziz Abu Kafa'),
('ROBTTAB400', 'Resep Tab Tiphutic500mg', 'THIAMPHENICOL500MG', 150, '', 'Abdul Aziz Abu Kafa'),
('ROBTTAB401', 'Resep Tab Trifamol500mg', 'PARACETAMOL500MG', 150, '', 'Abdul Aziz Abu Kafa'),
('ROBTTAB402', 'Resep Tab Roverton30mg', 'AMROXOL30MG', 150, '', 'Abdul Aziz Abu Kafa'),
('ROBTTAB403', 'Resep Tab Cimetidine 200mg', 'CIMETIDINE200MG', 150, '', 'Abdul Aziz Abu Kafa'),
('ROBTTAB404', 'Resep Tab Zelona50mg', 'DICLOFENACSODIUM50MG', 150, '', 'Abdul Aziz Abu Kafa'),
('ROBTTAB405', 'Resep Tab Zenicol500mg', 'THIAMPHENICOL500MG', 150, '', 'Abdul Aziz Abu Kafa'),
('ROBTTAB406', 'Resep Tab Hufaneuron', 'VITAMINB1100MG VITAMINB6200MCG VITAMINB12200MCG', 150, '', 'Abdul Aziz Abu Kafa'),
('ROBTTAB407', 'Resep Tab Sithiam500mg', 'THIAMPHENICOL500MG', 150, '', 'Abdul Aziz Abu Kafa'),
('ROBTTAB408', 'Resep Tab Etabroxol30mg', 'AMBROXOL30MG', 150, '', 'Abdul Aziz Abu Kafa'),
('ROBTTAB409', 'Resep Tab Dexycol 500mg', 'THIAMPHENICOL500MG', 150, '', 'Abdul Aziz Abu Kafa'),
('ROBTTAB41', 'Resep Tab Flucadex', 'PARACETAMOL500MG GUAIFENESIN50MG PHENYLPROPANOLAMINE15MG DEXTROMETHORPHAN15MG CHLORPHENAMINEMALEATE1', 150, '', 'Abdul Aziz Abu Kafa'),
('ROBTTAB410', 'Resep Tab DailyHealthEkstakIkanGabus ALBUMIN', 'PROTEINALBUMIN', 150, '', 'Abdul Aziz Abu Kafa'),
('ROBTTAB411', 'Resep Tab Sevos8mg', 'METHYLPREDNISOLONE8MG', 150, '', 'Abdul Aziz Abu Kafa'),
('ROBTTAB412', 'Resep Tab Bisoprolol2.5mg', 'BISOPROLOL2,5MG', 150, '', 'Abdul Aziz Abu Kafa'),
('ROBTTAB413', 'Resep Tab Helixime100mg', 'CEFIXIME100MG', 150, '', 'Abdul Aziz Abu Kafa'),
('ROBTTAB414', 'Resep Tab Erphatrim480mg', 'TRIMETHOPRIM80MG SULFAMETHOXAZOLE400MG', 150, '', 'Abdul Aziz Abu Kafa'),
('ROBTTAB415', 'Resep Tab Captopril25mg', 'CAPTOPRIL25MG', 150, '', 'Abdul Aziz Abu Kafa'),
('ROBTTAB416', 'Resep Tab Amostera500mg', 'AMOXICILINTRIHYDRATE500MG', 150, '', 'Abdul Aziz Abu Kafa'),
('ROBTTAB417', 'Resep Tab Samcofenac50mg', 'NATRIUMDICLOFENAC50MG', 150, '', 'Abdul Aziz Abu Kafa'),
('ROBTTAB418', 'Resep Tab Clarixine10mg', 'LORATADINE10MG', 150, '', 'Abdul Aziz Abu Kafa'),
('ROBTTAB419', 'Resep Tab Tropidene20mg', 'PIROXICAM20MG', 150, '', 'Abdul Aziz Abu Kafa'),
('ROBTTAB42', 'Resep Tab Gasela150mg', 'RANITIDINE150MG', 150, '', 'Abdul Aziz Abu Kafa'),
('ROBTTAB420', 'Resep Tab Allopar100mg', 'ALLOPURINOL100MG', 150, '', 'Abdul Aziz Abu Kafa'),
('ROBTTAB421', 'Resep Tab Parofen', 'PARACETAMOL350MG IBUPROFEN200MG', 150, '', 'Abdul Aziz Abu Kafa'),
('ROBTTAB422', 'Resep Tab Berlimox500mg', 'AMOXICILINTRIHYDRATE500MG', 150, '', 'Abdul Aziz Abu Kafa'),
('ROBTTAB43', 'Resep Tab Gemfibrozil300mg', 'GEMFIBROZILE300MG', 150, '', 'Abdul Aziz Abu Kafa'),
('ROBTTAB45', 'Resep Tab Glimepiride1mg', 'GLIMEPIRIDE1MG', 150, '', 'Abdul Aziz Abu Kafa'),
('ROBTTAB46', 'Resep Tab Glimepiride2mg', 'GLIMEPIRIDE2MG', 150, '', 'Abdul Aziz Abu Kafa'),
('ROBTTAB47', 'Resep Tab Glucosamine250mg', 'GLUCOSAMINE250MG', 150, '', 'Abdul Aziz Abu Kafa'),
('ROBTTAB48', 'Resep Tab Glucosamine500mg', 'GLUCOSAMINE500mg', 150, '', 'Abdul Aziz Abu Kafa'),
('ROBTTAB49', 'Resep Tab Gludepatic500mg', 'METFORMINE500MG', 150, '', 'Abdul Aziz Abu Kafa'),
('ROBTTAB50', 'Resep Tab Grafalin2mg', 'SALBUTAMOL2MG', 150, '', 'Abdul Aziz Abu Kafa'),
('ROBTTAB51', 'Resep Tab Grafazole 500MG', 'METRONIDAZOLE500MG', 150, '', 'Abdul Aziz Abu Kafa'),
('ROBTTAB52', 'Resep Tab Gralixa40mg', 'FUROSEMIDE40MG', 150, '', 'Abdul Aziz Abu Kafa'),
('ROBTTAB53', 'Resep Tab Gravask5mg', 'AMLODIPHINE5MG', 150, '', 'Abdul Aziz Abu Kafa'),
('ROBTTAB54', 'Resep Tab HerbatiaAsi', 'VITAMIN', 150, '', 'Abdul Aziz Abu Kafa'),
('ROBTTAB55', 'Resep Tab HerbatiaPutih', 'VITAMIN', 150, '', 'Abdul Aziz Abu Kafa'),
('ROBTTAB56', 'Resep Tab HerbatiaRapet', 'VITAMIN', 150, '', 'Abdul Aziz Abu Kafa'),
('ROBTTAB57', 'Resep Tab Hufaxol', 'AMBROXOL30MG', 150, '', 'Abdul Aziz Abu Kafa'),
('ROBTTAB58', 'Resep Tab Insoniazide300mg', 'INSONIAZIDE300MG', 150, '', 'Abdul Aziz Abu Kafa'),
('ROBTTAB59', 'Resep Tab KalkPot', 'CALCIUM', 150, '', 'Abdul Aziz Abu Kafa'),
('ROBTTAB60', 'Resep Tab Lansoprazole', 'LANSOPRAZOLE30MG', 150, '', 'Abdul Aziz Abu Kafa'),
('ROBTTAB61', 'Resep Tab Levofloxacin500mg', 'LEVOFLOXACIN500MG', 150, '', 'Abdul Aziz Abu Kafa'),
('ROBTTAB62', 'Resep Tab Lexigo6mg', 'BETAHISTINE6MG', 150, '', 'Abdul Aziz Abu Kafa'),
('ROBTTAB63', 'Resep Tab Lodecon Forte', 'PARACETAMOL600MG GUAIFENESIN50MG PHENYLEPRHINE7.55MG DEXTROMETHORPHAN15MG CHLORPHENAMINEMALEATE1MG', 150, '', 'Abdul Aziz Abu Kafa'),
('ROBTTAB64', 'Resep Tab Lodecon', 'PARACETAMOL250MG DEXTROMETHORPHAN15MG GLYCERYLGUAIACOLATE50MG CHLORPHENIRAMINEMALEATE1MG PHENYLEPRIN', 150, '', 'Abdul Aziz Abu Kafa'),
('ROBTTAB65', 'Resep Tab MakroB', 'VITAMIN', 150, '', 'Abdul Aziz Abu Kafa'),
('ROBTTAB66', 'Resep Tab Mesola4mg', 'METHYLPREDNISOLONE4MG', 150, '', 'Abdul Aziz Abu Kafa'),
('ROBTTAB67', 'Resep Tab MethylErgometrin0.125mg', 'METHYLERGOMETRIN0.125MG', 150, '', 'Abdul Aziz Abu Kafa'),
('ROBTTAB68', 'Resep Tab Narmig25mg', 'CINNARIZINE25MG', 150, '', 'Abdul Aziz Abu Kafa'),
('ROBTTAB69', 'Resep Tab NeuroATP', 'THIAMINENITRATE100MG PYRIDOXINE200MG CYANOCOBALAMINE0.2MG TOCOPHERYLACETATE60MG ATP20MG', 150, '', 'Abdul Aziz Abu Kafa'),
('ROBTTAB70', 'Resep Tab Norpid10mg', 'SIMVASTATIN 10MG', 150, '', 'Abdul Aziz Abu Kafa'),
('ROBTTAB71', 'Resep Tab Novabiotik500mg', 'TETRACYCLINE500MG', 150, '', 'Abdul Aziz Abu Kafa'),
('ROBTTAB72', 'Resep Tab Nuwasir', 'AMBEVEN', 150, '', 'Abdul Aziz Abu Kafa'),
('ROBTTAB73', 'Resep Tab Omecidal50mg', 'MEBHYDROLINE50MG', 150, '', 'Abdul Aziz Abu Kafa'),
('ROBTTAB75', 'Resep Tab Omelegar10mg', 'LORATADINE10MG', 150, '', 'Abdul Aziz Abu Kafa'),
('ROBTTAB76', 'Resep Tab Omeprazole20mg', 'OMEPRAZOLE20MG', 150, '', 'Abdul Aziz Abu Kafa'),
('ROBTTAB77', 'Resep Tab Omeric300mg', 'ALLOPURINOL300MG', 150, '', 'Abdul Aziz Abu Kafa'),
('ROBTTAB78', 'Resep Tab Paranervion', 'PARACETAMOL500MG B150MG B6100MG B12100MG', 150, '', 'Abdul Aziz Abu Kafa'),
('ROBTTAB79', 'Resep Tab ParasetPot', 'PARACETAMOL500MG', 150, '', 'Abdul Aziz Abu Kafa'),
('ROBTTAB80', 'Resep Tab PrednisonePot5mg', 'PREDNISOLONE5MG', 150, '', 'Abdul Aziz Abu Kafa'),
('ROBTTAB81', 'Resep Tab Prenatal', 'VITAMIN', 150, '', 'Abdul Aziz Abu Kafa'),
('ROBTTAB82', 'Resep Tab Propanolol40mg', 'PROPANOLOL40MG', 150, '', 'Abdul Aziz Abu Kafa'),
('ROBTTAB83', 'Resep Tab Pyratibi500mg', 'PYRAZINAMIDE500MG', 150, '', 'Abdul Aziz Abu Kafa'),
('ROBTTAB84', 'Resep Tab Relaxon50mg', 'EPERISONE50MG', 150, '', 'Abdul Aziz Abu Kafa'),
('ROBTTAB85', 'Resep Tab Renabetic5mg', 'GLIBENCLAMIDE5MG', 150, '', 'Abdul Aziz Abu Kafa'),
('ROBTTAB86', 'Resep Tab Renola', 'BATUURINEDIGINJAL', 150, '', 'Abdul Aziz Abu Kafa'),
('ROBTTAB87', 'Resep Tab Repass400mg', 'IBUPROFEN400MG', 150, '', 'Abdul Aziz Abu Kafa'),
('ROBTTAB88', 'Resep Tab Rifampicin600mg', 'RIFAMPICIN600MG', 150, '', 'Abdul Aziz Abu Kafa'),
('ROBTTAB89', 'Resep Tab Rifampicin450mg', 'RIFAMPICIN450MG', 150, '', 'Abdul Aziz Abu Kafa'),
('ROBTTAB90', 'Resep Tab ScopmaPlus', 'HYOSCINE10MG PARACETAMOL500MG', 150, '', 'Abdul Aziz Abu Kafa'),
('ROBTTAB91', 'Resep Tab Simvas10mg', 'SIMVASTATIN 10MG', 150, '', 'Abdul Aziz Abu Kafa'),
('ROBTTAB92', 'Resep Tab Sultrimixforte', 'TRIMETHOPRIM160MG SULFAMETHOXAZOLE800MG', 150, '', 'Abdul Aziz Abu Kafa'),
('ROBTTAB93', 'Resep Tab Tasma', 'SALBUTAMOL4MG', 150, '', 'Abdul Aziz Abu Kafa'),
('ROBTTAB94', 'Resep Tab TeraF', 'PARACETAMOL650MG GUAIFENESINE50MG PHENYLPROPANOLAMINE15MG CHLORPHENAMINEMALEAT2MG', 870, '', 'Abdul Aziz Abu Kafa'),
('ROBTTAB95', 'Resep Tab Thiamphenicol500mg', 'THIAMPHENICOL500MG', 150, '', 'Abdul Aziz Abu Kafa'),
('ROBTTAB96', 'Resep Tab Tibigon500mg', 'ETHAMBUTOL500MG', 150, '', 'Abdul Aziz Abu Kafa'),
('ROBTTAB97', 'Resep Tab Tidifar200MG', 'CIMETIDINE200MG', 150, '', 'Abdul Aziz Abu Kafa'),
('ROBTTAB98', 'Resep Tab Trisela10mg', 'CETIRIZINE10MG', 150, '', 'Abdul Aziz Abu Kafa'),
('ROBTTAB99', 'Resep Tab Tyrema', 'PARASETAMOL350MG IBUPROFEN200MG', 150, '', 'Abdul Aziz Abu Kafa'),
('ROBTTTS01', 'Resep Tetes Nocandis CANDISTATIN', 'NYSTATIN', 150, '', 'Abdul Aziz Abu Kafa'),
('ROBTTTS02', 'Resep Tetes OptifloxTetesMata5mg', 'LEVOFLOXACIN5MG', 150, '', 'Abdul Aziz Abu Kafa'),
('ROBTTTS03', 'Resep Tetes RecoTetesMata0.5%', 'CHLORAMPHENICOL0.5%', 150, '', 'Abdul Aziz Abu Kafa'),
('ROBTTTS04', 'Resep Tetes ErlamycetinTetesKuping1%', 'CHLORAMPHENICOL0.1%', 150, '', 'Abdul Aziz Abu Kafa'),
('ROBTTTS05', 'Resep Tetes CazetinDrop', 'NYSTATIN', 150, '', 'Abdul Aziz Abu Kafa'),
('ROBTTTS06', 'Resep Tetes CendoLiteersTetesmata15ml', 'SODIUMCHLORIDE4.40MG POTASSIUMCHLORIDE0.80MG', 150, '', 'Abdul Aziz Abu Kafa'),
('ROBTTTS07', 'Resep Tetes CendoXitrolTetesmata0.6ml', 'DEXAMETHASON0.1% NEOMICYN3.5MG POLIMIXIN6000UI', 150, '', 'Abdul Aziz Abu Kafa'),
('ROBTTTS08', 'Resep Tetes CendoXitrolTetesmata5ml', 'DEXAMETHASON0.1% NEOMICYN3.5MG POLIMIXIN6000UI', 150, '', 'Abdul Aziz Abu Kafa'),
('ROBTTTS09', 'Resep Tetes Oxoferin', 'TETRACHLODECAOXIDE', 150, '', 'Abdul Aziz Abu Kafa'),
('ROBTTTS10', 'Resep Tetes Laxoberon', 'SODIUM PICOSULFATE', 150, '', 'Abdul Aziz Abu Kafa'),
('ROBTTTS11', 'Resep Tetes Gom', 'BORAKS GLISERIN 10%', 150, '', 'Abdul Aziz Abu Kafa'),
('ROBTTTS12', 'Resep Tetes Amoxan Drop', 'AMMOXICILLIN TRIHYDRATE 100MG', 150, '', 'Abdul Aziz Abu Kafa'),
('ROBTTTS13', 'Resep Tetes Supramox Drop', 'AMMOXICILLIN TRIHYDRATE', 150, '', 'Abdul Aziz Abu Kafa'),
('ROBTTTS14', 'Resep Tetes CendoLiteersTetesmata0.6ml TM', 'SODIUM CHLORIDE 4,40MG POTASSIUM CHLORIDE 0,80MG', 150, '', 'Abdul Aziz Abu Kafa'),
('ROBTTTS15', 'Resep Tetes AlphamolDrop', 'PARACETAMOL 60MG', 150, '', 'Abdul Aziz Abu Kafa'),
('ROBTTTS16', 'Resep Tetes AmoxilinDrop', 'AMMOXICILLIN TRIHYDRATE 100MG', 150, '', 'Abdul Aziz Abu Kafa'),
('ROBTTTS17', 'Resep Tetes CendoCatarlent15ml', 'POTASSIUM IODIDE 5MG', 150, '', 'Abdul Aziz Abu Kafa'),
('ROBTTTS18', 'Resep Tetes CendoCatarlent0,6ml', 'POTASSIUM IODIDE 5MG', 150, '', 'Abdul Aziz Abu Kafa'),
('ROBTTTS19', 'Resep Tetes AlletrolTetesMata5ml', 'DEXAMETHASONE SODIUM PHOSPHATE 1MG NEOMYCIN SULFATE 3,5MG POLYMYXIN B SULFATE 6000IU', 150, '', 'Abdul Aziz Abu Kafa'),
('ROBTTTS20', 'Resep Tetes CendoPolydex5ml', 'POLYMIXIN B SULFATE 10.000IU NEOMYCIN SULPHATE 3,5MG DEXAMETHASONE 1.0MG', 150, '', 'Abdul Aziz Abu Kafa'),
('ROBTTTS21', 'Resep Tetes SanmolDrop', 'PARACETAMOL 60MG', 150, '', 'Abdul Aziz Abu Kafa'),
('ROBTTTS22', 'Resep Tetes FasidolDrop', 'PARACETAMOL 60MG', 150, '', 'Abdul Aziz Abu Kafa'),
('ROBTTTS23', 'Resep Tetes CendoPantocain5ml', 'TETRACAINE 2%', 150, '', 'Abdul Aziz Abu Kafa'),
('ROBTTTS24', 'Resep Tetes TobrosonTM5mL', 'TOBRAMYCIN 3MG DEXAMETHASON 1MG', 150, '', 'Abdul Aziz Abu Kafa'),
('ROBTTTS25', 'Resep Tetes VitalTetesTelinga', 'THYMOL 10MG OL.MENTHAE 20MG OL. CAMPHORA 600MG', 150, '', 'Abdul Aziz Abu Kafa'),
('ROBTTTS26', 'Resep Tetes Grafadon PARACETAMOL', 'PARACETAMOL 60MG', 150, '', 'Abdul Aziz Abu Kafa'),
('ROBTTTS27', 'Resep Tetes CendoCatarlent5ml', 'POTASSIUM IODIDE 5MG', 150, '', 'Abdul Aziz Abu Kafa'),
('ROBTTTS28', 'Resep Tetes Nystatin', 'NYSTATIN 100.000IU', 150, '', 'Abdul Aziz Abu Kafa'),
('ROBTTTS29', 'Resep Tetes KandistatinDrop', 'NYSTATIN 100.000IU', 150, '', 'Abdul Aziz Abu Kafa'),
('ROBTTTS30', 'Resep Tetes Forumeneardrops', 'DOCUSATE Na 5MG', 150, '', 'Abdul Aziz Abu Kafa'),
('ROBTTTS31', 'Resep Tetes RecoTetesTelinga CHLORAMPHENICOL', 'CHLORAMPHENICOL 0,5%', 150, '', 'Abdul Aziz Abu Kafa');

-- --------------------------------------------------------

--
-- Table structure for table `pasien`
--

CREATE TABLE `pasien` (
  `id` varchar(10) NOT NULL,
  `tgl_reg` varchar(10) DEFAULT NULL,
  `noid` varchar(100) DEFAULT NULL,
  `nama` varchar(100) DEFAULT NULL,
  `tgl_lahir` varchar(100) DEFAULT NULL,
  `jk` varchar(100) DEFAULT NULL,
  `alamat` varchar(100) DEFAULT NULL,
  `kel` varchar(50) NOT NULL,
  `kec` varchar(50) NOT NULL,
  `kota` varchar(50) NOT NULL,
  `status` varchar(100) DEFAULT NULL,
  `pj` varchar(100) DEFAULT NULL,
  `nama_pj` varchar(100) DEFAULT NULL,
  `telepon` varchar(100) DEFAULT NULL,
  `note` varchar(100) DEFAULT NULL,
  `user` varchar(100) DEFAULT NULL
) ENGINE=InnoDB DEFAULT CHARSET=utf8mb4;

--
-- Dumping data for table `pasien`
--

INSERT INTO `pasien` (`id`, `tgl_reg`, `noid`, `nama`, `tgl_lahir`, `jk`, `alamat`, `kel`, `kec`, `kota`, `status`, `pj`, `nama_pj`, `telepon`, `note`, `user`) VALUES
('100001', '2022-01-30', '123', 'Ammar Yasar', '1997-02-01', 'Laki-laki', 'Jln. Cikurubuk No. 201 ', 'Babakan', 'Cikurubuk', 'Tasikmalaya', 'Ayah', 'Lainnya', '-', '089512364578', '', 'Abdul Aziz Abu Kafa'),
('100002', '2022-02-01', '456', 'Habibah', '2010-01-29', 'Perempuan', 'Jln. Kujang No. 20B', 'Karangsari', 'Cikoneng', 'Ciamis', 'Anak', 'Ayah', 'Abu Habibah', '087845364578', '', 'Abdul Aziz Abu Kafa'),
('100003', '2022-02-02', '789', 'Ruqoyah', '1989-05-28', 'Perempuan', 'Jln. Cihideung No. 701', 'Cibodas', 'Cihideung', 'Tasikmalaya', 'Ibu', 'Suami', 'Hasyim', '089512361010', '', 'Abdul Aziz Abu Kafa'),
('100004', '2022-02-02', '4545', 'Asep Syamsudin', '2000-02-01', 'Laki-laki', 'Jln. Cipeuti No. 69', 'Rendeh', 'Cikoneng', 'Ciamis', 'Lajang', 'Lainnya', '-', '081200364578', '', 'Abdul Aziz Abu Kafa'),
('100005', '2022-02-01', '789', 'Haidar Alfaruq', '2004-01-29', 'Laki-laki', 'Jln. Cikurubuk No. 201 ', 'Karangsari', 'Cikurubuk', 'Tasikmalaya', 'Lajang', 'Lainnya', '-', '089512111178', '', 'Abdul Aziz Abu Kafa'),
('100006', '2022-03-01', '327807', 'Santi', '2019-01-01', 'Perempuan', 'Cikurubuk 1/1', 'Linggajaya', 'Mangkubumi', 'Tasikmalaya', '-', 'Ayah', 'Doni', '08522334455', '', 'Ramlah Mardiyah');

-- --------------------------------------------------------

--
-- Table structure for table `periksa`
--

CREATE TABLE `periksa` (
  `id_daftar` varchar(10) NOT NULL,
  `id_pasien` varchar(10) DEFAULT NULL,
  `pasien` varchar(50) DEFAULT NULL,
  `tgl_lahir` varchar(10) NOT NULL,
  `jk` varchar(10) NOT NULL,
  `ma_anemis` varchar(50) DEFAULT NULL,
  `ma_ikterik` varchar(50) DEFAULT NULL,
  `le_kelenjar` varchar(50) DEFAULT NULL,
  `le_jvp` varchar(50) DEFAULT NULL,
  `ja_suara` varchar(50) DEFAULT NULL,
  `ja_irama` varchar(50) DEFAULT NULL,
  `pa_suara` varchar(50) DEFAULT NULL,
  `pe_hati` varchar(50) NOT NULL,
  `pe_limpa` varchar(50) NOT NULL,
  `pe_usus` varchar(50) NOT NULL,
  `pe_bentuk` varchar(50) NOT NULL,
  `ge_bak` varchar(50) NOT NULL,
  `ge_bercak` varchar(50) NOT NULL,
  `ek_atas` varchar(50) NOT NULL,
  `ek_bawah` varchar(50) NOT NULL,
  `ek_edema` varchar(50) NOT NULL,
  `lainnya` varchar(100) DEFAULT NULL,
  `icd` varchar(10) DEFAULT NULL,
  `diagnosa` varchar(100) DEFAULT NULL,
  `note` varchar(100) DEFAULT NULL,
  `user` varchar(100) DEFAULT NULL
) ENGINE=InnoDB DEFAULT CHARSET=utf8mb4;

--
-- Dumping data for table `periksa`
--

INSERT INTO `periksa` (`id_daftar`, `id_pasien`, `pasien`, `tgl_lahir`, `jk`, `ma_anemis`, `ma_ikterik`, `le_kelenjar`, `le_jvp`, `ja_suara`, `ja_irama`, `pa_suara`, `pe_hati`, `pe_limpa`, `pe_usus`, `pe_bentuk`, `ge_bak`, `ge_bercak`, `ek_atas`, `ek_bawah`, `ek_edema`, `lainnya`, `icd`, `diagnosa`, `note`, `user`) VALUES
('12', '100001', 'Ammar Yasar', '1997-02-01', 'Laki-laki', 'Tidak', 'Tidak', 'Besar', 'Normal', 'Teratur', 'Normal', 'Normal', 'Teraba', 'Teraba', 'Normal', 'Distensi', 'Normal', 'Ya', 'Normal', 'Normal', 'Tidak', '-', 'A84.0', 'Far Eastern tick-borne encephalitis [Russian spring-summer encephalitis]', '-', 'Abdul Aziz Abu Kafa'),
('13', '100002', 'Habibah', '2010-01-29', 'Perempuan', 'Ya', 'Tidak', 'Normal', 'Normal', 'Teratur', 'Normal', 'Normal', 'Teraba', 'Tidak Teraba', 'Positif', 'Normal', 'Normal', 'Ya', 'Normal', 'Dingin', 'Tidak', '-', 'A00.0', 'Cholera due to Vibrio cholerae 01, biovar cholerae', '-', 'Abdul Aziz Abu Kafa'),
('14', '100003', 'Ruqoyah', '1989-05-28', 'Perempuan', 'Ya', 'Tidak', 'Normal', 'Meningkat', 'Teratur', 'Murmur', 'Normal', 'Teraba', 'Teraba', 'Positif', 'Normal', 'Normal', 'Tidak', 'Normal', 'Normal', '', '-', 'A02.2', 'Localized salmonella infections', '-', 'Abdul Aziz Abu Kafa'),
('15', '100004', 'Asep Syamsudin', '2000-02-01', 'Laki-laki', 'Ya', 'Tidak', 'Normal', 'Normal', 'Teratur', 'Normal', 'Normal', 'Tidak Teraba', 'Teraba', 'Positif', 'Supel', 'Sulit', 'Tidak', 'Normal', 'Normal', '', '-', 'A02.1', 'Salmonella sepsis', '-', 'Dr. Ibnu Rusydi'),
('16', '100005', 'Haidar Alfaruq', '2004-01-29', 'Laki-laki', 'Tidak', 'Tidak', 'Normal', 'Normal', 'Tidak Teratur', 'Normal', 'Normal', 'Tidak Teraba', 'Teraba', 'Normal', 'Normal', 'Sulit', 'Tidak', 'Normal', 'Normal', 'Tidak', '-', 'A01.4', 'Paratyphoid fever, unspecified', '-', 'Abdul Aziz Abu Kafa'),
('17', '100001', 'Ammar Yasar', '1997-02-01', 'Laki-laki', 'Tidak', 'Tidak', 'Normal', 'Normal', 'Teratur', 'Normal', 'Normal', 'Teraba', 'Teraba', 'Positif', 'Normal', 'Sulit', 'Ya', 'Dingin', 'Hangat', '', '-', 'A05.2', 'Foodborne Clostridium perfringens [Clostridium welchii] intoxication', '-', 'Dr. Ibnu Rusydi'),
('18', '100004', 'Asep Syamsudin', '2000-02-01', 'Laki-laki', 'Tidak', 'Tidak', 'Normal', 'Normal', 'Teratur', 'Normal', 'Wheezing', 'Teraba', 'Teraba', 'Normal', 'Distensi', 'Normal', 'Tidak', 'Normal', 'Dingin', 'Tidak', '-', 'A03.0', 'Shigellosis due to Shigella dysenteriae', '-', 'Dr. Ibnu Rusydi'),
('19', '100002', 'Habibah', '2010-01-29', 'Perempuan', 'Tidak', 'Tidak', 'Normal', 'Normal', 'Teratur', 'Normal', 'Normal', 'Teraba', 'Teraba', 'Normal', 'Normal', 'Normal', 'Tidak', 'Normal', 'Normal', 'Tidak', '', 'A00.0', 'Cholera due to Vibrio cholerae 01, biovar cholerae', '', 'Abdul Aziz Abu Kafa'),
('20', '100005', 'Haidar Alfaruq', '2004-01-29', 'Laki-laki', 'Tidak', 'Tidak', 'Normal', 'Normal', 'Teratur', 'Normal', 'Wheezing', 'Teraba', 'Teraba', 'Normal', 'Distensi', 'Normal', 'Tidak', 'Normal', 'Hangat', '', '-', 'R19.3', 'Abdominal rigidity', '-', 'Abdul Aziz Abu Kafa'),
('21', '100003', 'Ruqoyah', '1989-05-28', 'Perempuan', 'Ya', 'Tidak', 'Besar', 'Normal', 'Teratur', 'Gallop', 'Normal', 'Teraba', 'Teraba', 'Positif', 'Distensi', 'Normal', 'Tidak', 'Normal', 'Normal', '', '-', 'A01.4', 'Paratyphoid fever, unspecified', '-', 'Fatimah, S.Tr.Keb'),
('22', '100004', 'Asep Syamsudin', '2000-02-01', 'Laki-laki', 'Tidak', 'Tidak', 'Normal', 'Normal', 'Teratur', 'Murmur', 'Normal', 'Teraba', 'Teraba', 'Berlebih', 'Supel', 'Normal', 'Tidak', 'Normal', 'Normal', 'Tidak', '-', 'A00.0', 'Cholera due to Vibrio cholerae 01, biovar cholerae', '-', 'Dr. Ibnu Rusydi'),
('23', '100003', 'Ruqoyah', '1989-05-28', 'Perempuan', 'Tidak', 'Tidak', 'Besar', 'Normal', 'Tidak Teratur', 'Normal', 'Normal', 'Tidak Teraba', 'Teraba', 'Normal', 'Normal', 'Normal', 'Tidak', 'Normal', 'Normal', 'Tidak', '-', 'A05.8', 'Other specified bacterial foodborne intoxications', '-', 'Abdul Aziz Abu Kafa'),
('24', '100005', 'Haidar Alfaruq', '2004-01-29', 'Laki-laki', 'Tidak', 'Tidak', 'Normal', 'Normal', 'Teratur', 'Murmur', 'Wheezing', 'Teraba', 'Teraba', 'Negatif', 'Normal', 'Normal', 'Ya', 'Normal', 'Dingin', '', '-', 'A03.0', 'Shigellosis due to Shigella dysenteriae', '-', 'Dr. Ibnu Rusydi'),
('25', '100004', 'Asep Syamsudin', '2000-02-01', 'Laki-laki', 'Tidak', 'Tidak', 'Normal', 'Normal', 'Teratur', 'Gallop', 'Wheezing', 'Teraba', 'Teraba', 'Positif', 'Distensi', 'Normal', 'Tidak', 'Dingin', 'Dingin', '', '-', 'A05.8', 'Other specified bacterial foodborne intoxications', '-', 'Dr. Ibnu Rusydi'),
('26', '100001', 'Ammar Yasar', '1997-02-01', 'Laki-laki', 'Tidak', 'Tidak', 'Normal', 'Normal', 'Teratur', 'Normal', 'Normal', 'Teraba', 'Teraba', 'Normal', 'Normal', 'Sulit', 'Ya', 'Normal', 'Dingin', 'Tidak', '-', 'A05.2', 'Foodborne Clostridium perfringens [Clostridium welchii] intoxication', '-', 'Abdul Aziz Abu Kafa'),
('27', '100004', 'Asep Syamsudin', '2000-02-01', 'Laki-laki', 'Tidak', 'Tidak', 'Normal', 'Normal', 'Teratur', 'Normal', 'Normal', 'Teraba', 'Teraba', 'Normal', 'Distensi', 'Normal', 'Tidak', 'Normal', 'Normal', 'Tidak', '', 'Q99.1', '46,XX true hermaphrodite', '', 'Abdul Aziz Abu Kafa'),
('28', '100002', 'Habibah', '2010-01-29', 'Perempuan', 'Tidak', 'Tidak', 'Normal', 'Normal', 'Teratur', 'Normal', 'Normal', 'Tidak Teraba', 'Tidak Teraba', 'Normal', 'Normal', 'Normal', 'Tidak', 'Normal', 'Normal', 'Tidak', '-', 'A00.0', 'Cholera due to Vibrio cholerae 01, biovar cholerae', '-', 'Abdul Aziz Abu Kafa'),
('29', '100003', 'Ruqoyah', '1989-05-28', 'Perempuan', 'Tidak', 'Tidak', 'Besar', 'Normal', 'Tidak Teratur', 'Gallop', 'Normal', 'Teraba', 'Teraba', 'Normal', 'Normal', 'Normal', 'Tidak', 'Normal', 'Normal', '', '-', 'A80.0', 'Acute paralytic poliomyelitis, vaccine-associated', '-', 'Abdul Aziz Abu Kafa'),
('31', '100002', 'Habibah', '2010-01-29', 'Perempuan', 'Tidak', 'Tidak', 'Normal', 'Normal', 'Teratur', 'Normal', 'Normal', 'Teraba', 'Teraba', 'Normal', 'Normal', 'Sulit', 'Ya', 'Normal', 'Normal', 'Tidak', '', 'Y58.2', 'Cholera vaccine', '', 'Abdul Aziz Abu Kafa'),
('32', '100002', 'Habibah', '2010-01-29', 'Perempuan', 'Tidak', 'Tidak', 'Normal', 'Normal', 'Teratur', 'Normal', 'Normal', 'Tidak Teraba', 'Tidak Teraba', 'Normal', 'Normal', 'Normal', 'Tidak', 'Normal', 'Normal', 'Tidak', '-', 'C32.1', 'Malignant neoplasm: Supraglottis', '-', 'Abdul Aziz Abu Kafa'),
('33', '100003', 'Ruqoyah', '1989-05-28', 'Perempuan', 'Tidak', 'Tidak', 'Normal', 'Normal', 'Teratur', 'Normal', 'Normal', 'Teraba', 'Teraba', 'Berlebih', 'Normal', 'Normal', 'Tidak', 'Hangat', 'Normal', 'Tidak', '-', 'U11', 'Need for immunization against COVID-19', '-', 'Abdul Aziz Abu Kafa'),
('34', '100001', 'Ammar Yasar', '1997-02-01', 'Laki-laki', 'Ya', 'Tidak', 'Normal', 'Normal', 'Tidak Teratur', 'Normal', 'Normal', 'Tidak Teraba', 'Tidak Teraba', 'Normal', 'Normal', 'Sulit', 'Tidak', 'Normal', 'Normal', 'Tidak', 'Jjj', 'E11.5', 'Type 2 diabetes mellitus: With peripheral circulatory complications', 'Nnn', 'Abdul Aziz Abu Kafa'),
('35', '100006', 'Santi', '2019-01-01', 'Perempuan', 'Tidak', 'Tidak', 'Normal', 'Normal', 'Tidak Teratur', 'Normal', 'Ronhe', 'Teraba', 'Teraba', 'Normal', 'Normal', 'Normal', 'Tidak', 'Normal', 'Normal', '', 'Hhjj', 'O24', 'Diabetes mellitus in pregnancy', 'Bnkk', 'Dr. Ibnu Rusydi'),
('36', '100005', 'Haidar Alfaruq', '2004-01-29', 'Laki-laki', 'Tidak', 'Tidak', 'Normal', 'Normal', 'Teratur', 'Normal', 'Normal', 'Teraba', 'Teraba', 'Normal', 'Normal', 'Normal', 'Tidak', 'Normal', 'Normal', '', '', 'Q99.1', '46,XX true hermaphrodite', '', 'Dr. Ibnu Rusydi');

-- --------------------------------------------------------

--
-- Table structure for table `tindak`
--

CREATE TABLE `tindak` (
  `id` int(11) NOT NULL,
  `tanggal` varchar(10) DEFAULT NULL,
  `id_daftar` varchar(10) DEFAULT NULL,
  `id_pasien` varchar(10) DEFAULT NULL,
  `pasien` varchar(100) DEFAULT NULL,
  `kode` varchar(10) DEFAULT NULL,
  `nama` varchar(100) DEFAULT NULL,
  `jenis` varchar(100) DEFAULT NULL,
  `tarif` varchar(10) DEFAULT NULL,
  `qty` varchar(10) DEFAULT NULL,
  `satuan` varchar(10) NOT NULL,
  `jumlah` varchar(10) NOT NULL,
  `note` varchar(100) DEFAULT NULL,
  `kasir` varchar(100) NOT NULL,
  `apoteker` varchar(100) DEFAULT NULL,
  `user` varchar(100) DEFAULT NULL
) ENGINE=InnoDB DEFAULT CHARSET=utf8mb4;

--
-- Dumping data for table `tindak`
--

INSERT INTO `tindak` (`id`, `tanggal`, `id_daftar`, `id_pasien`, `pasien`, `kode`, `nama`, `jenis`, `tarif`, `qty`, `satuan`, `jumlah`, `note`, `kasir`, `apoteker`, `user`) VALUES
(32, '2022-02-03', '12', '100001', 'Ammar Yasar', 'R001', 'Bodrex', 'Cafein', '40000', '2', 'Caps', '80000', '3x1', 'Aminah Mutmainnah', 'Fatimah Alfihri', 'Dr. Ibnu Rusydi'),
(33, '2022-02-03', '12', '100001', 'Ammar Yasar', 'R001', 'Amoxilin', 'Antibiotik', '35000', '2', 'Caps', '70000', '3x1', 'Aminah Mutmainnah', 'Fatimah Alfihri', 'Dr. Ibnu Rusydi'),
(34, '2022-02-03', '12', '100001', 'Ammar Yasar', 'B1001', 'Jasa Dokter', 'RAWAT JALAN', '100000', '1', 'kali', '100000', '-', 'Aminah Mutmainnah', '', 'Aminah Mutmainnah'),
(35, '2022-02-03', '15', '100004', 'Asep Syamsudin', 'R001', 'Lansoprazol', 'Lansoprazol', '25000', '4', 'Tab', '100000', '4x1', 'Aminah Mutmainnah', 'Abdul Aziz Abu Kafa', 'Dr. Ibnu Rusydi'),
(36, '2022-02-03', '15', '100004', 'Asep Syamsudin', 'B1004', 'Jasa Pelayanan Klinis', 'RANAP', '115000', '1', 'hari', '115000', '-', 'Aminah Mutmainnah', '', 'Dr. Ibnu Rusydi'),
(37, '2022-02-03', '13', '100002', 'Habibah', 'R001', 'Bodrex', 'Cafein', '40000', '2', 'Caps', '68000', '3x1', 'Aminah Mutmainnah', 'Fatimah Alfihri', 'Dr. Ibnu Rusydi'),
(38, '2022-02-03', '13', '100002', 'Habibah', 'R001', 'Amoxilin', 'Antibiotik', '35000', '2', 'Caps', '70000', '3x1', 'Aminah Mutmainnah', 'Fatimah Alfihri', 'Dr. Ibnu Rusydi'),
(39, '2022-02-03', '13', '100002', 'Habibah', 'R001', 'Mixagrip', 'Ibufrofen', '67000', '1', 'Fls', '67000', '-', 'Aminah Mutmainnah', 'Fatimah Alfihri', 'Abdul Aziz Abu Kafa'),
(40, '2022-02-03', '14', '100003', 'Ruqoyah', 'R001', 'Amoxilin', 'Antibiotik', '35000', '2', 'Caps', '70000', '3x1', 'Aminah Mutmainnah', 'Fatimah Alfihri', 'Abdul Aziz Abu Kafa'),
(41, '2022-02-03', '14', '100003', 'Ruqoyah', 'R001', 'Konidin', 'Konidin', '34000', '2', 'Tab', '68000', '3x1', 'Aminah Mutmainnah', 'Fatimah Alfihri', 'Abdul Aziz Abu Kafa'),
(42, '2022-02-03', '16', '100005', 'Haidar Alfaruq', 'R001', 'Enervon C', 'Multivitamin', '45000', '4', 'Caps', '180000', '3x1', 'Abdul Aziz Abu Kafa', 'Fatimah Alfihri', 'Abdul Aziz Abu Kafa'),
(43, '2022-02-03', '13', '100002', 'Habibah', 'B1001', 'Jasa Dokter', 'RAWAT JALAN', '100000', '1', 'kali', '100000', '-', 'Aminah Mutmainnah', '', 'Aminah Mutmainnah'),
(44, '2022-02-07', '21', '100003', 'Ruqoyah', 'R001', 'Lansoprazol', 'Lansoprazol', '25000', '2', 'Tab', '400000', '-', 'Aminah Mutmainnah', 'Fatimah Alfihri', 'Fatimah, S.Tr.Keb'),
(45, '2022-02-07', '21', '100003', 'Ruqoyah', 'B1009', 'Jasa Partus', 'PARTUS', '2500000', '1', 'kali', '2500000', '-', 'Aminah Mutmainnah', '', 'Fatimah, S.Tr.Keb'),
(46, '2022-02-07', '25', '100004', 'Asep Syamsudin', 'B1004', 'Jasa Pelayanan Klinis', 'RANAP', '115000', '2', 'hari', '230000', '-', 'Aminah Mutmainnah', '', 'Dr. Ibnu Rusydi'),
(47, '2022-02-07', '25', '100004', 'Asep Syamsudin', 'R001', 'Sanmol', 'Paracetamol', '25000', '2', 'Tab', '50000', '-', 'Aminah Mutmainnah', 'Fatimah Alfihri', 'Dr. Ibnu Rusydi'),
(48, '2022-02-07', '24', '100005', 'Haidar Alfaruq', 'R001', 'Amoxilin', 'Antibiotik', '35000', '2', 'Caps', '70000', '-', 'Aminah Mutmainnah', 'Fatimah Alfihri', 'Dr. Ibnu Rusydi'),
(49, '2022-02-07', '24', '100005', 'Haidar Alfaruq', 'R001', 'Sanmol', 'Paracetamol', '25000', '2', 'Tab', '50000', '-', 'Aminah Mutmainnah', 'Fatimah Alfihri', 'Dr. Ibnu Rusydi'),
(50, '2022-02-07', '23', '100003', 'Ruqoyah', 'R001', 'Amoxilin', 'Antibiotik', '35000', '2', 'Caps', '70000', '-', 'Aminah Mutmainnah', 'Fatimah Alfihri', 'Dr. Ibnu Rusydi'),
(51, '2022-02-07', '17', '100001', 'Ammar Yasar', 'R001', 'Amoxilin', 'Antibiotik', '35000', '2', 'Caps', '70000', '-', 'Aminah Mutmainnah', 'Fatimah Alfihri', 'Dr. Ibnu Rusydi'),
(52, '2022-02-07', '22', '100004', 'Asep Syamsudin', 'R001', 'Sanmol', 'Paracetamol', '25000', '2', 'Tab', '50000', '-', 'Aminah Mutmainnah', 'Fatimah Alfihri', 'Dr. Ibnu Rusydi'),
(53, '2022-02-07', '18', '100004', 'Asep Syamsudin', 'R001', 'Sanmol', 'Paracetamol', '25000', '2', 'Tab', '50000', '-', 'Aminah Mutmainnah', 'Fatimah Alfihri', 'Dr. Ibnu Rusydi'),
(54, '2022-02-07', '26', '100001', 'Ammar Yasar', 'R001', 'Amoxilin', 'Antibiotik', '35000', '20', 'Caps', '700000', '3x1', 'Aminah Mutmainnah', 'Fatimah Alfihri', 'Dr. Ibnu Rusydi'),
(55, '2022-02-07', '26', '100001', 'Ammar Yasar', 'B1001', 'Jasa Dokter', 'RAWAT JALAN', '100000', '1', 'kali', '100000', '-', 'Aminah Mutmainnah', '', 'Dr. Ibnu Rusydi'),
(56, '2022-02-09', '20', '100005', 'Haidar Alfaruq', 'R001', 'Amoxilin', 'Antibiotik', '35000', '2', 'Caps', '70000', '3x1', '', 'Abdul Aziz Abu Kafa', 'Abdul Aziz Abu Kafa'),
(57, '2022-02-09', '20', '100005', 'Haidar Alfaruq', 'R001', 'Konidin', 'Konidin', '34000', '2', 'Tab', '68000', '-', '', 'Abdul Aziz Abu Kafa', 'Abdul Aziz Abu Kafa'),
(58, '2022-02-09', '20', '100005', 'Haidar Alfaruq', 'B1001', 'Jasa Dokter', 'RAWAT JALAN', '100000', '1', 'kali', '100000', '-', '', '', 'Abdul Aziz Abu Kafa'),
(59, '2022-02-09', '20', '100005', 'Haidar Alfaruq', 'B1010', 'Cek Laboratorium', 'OBSERVASI', '200000', '1', 'kali', '200000', '-', '', '', 'Abdul Aziz Abu Kafa'),
(60, '2022-02-09', '26', '100001', 'Ammar Yasar', 'B1002', 'Perawatan', 'RANAP', '175000', '1', 'hari', '175000', '-', '', '', 'Abdul Aziz Abu Kafa'),
(61, '2022-02-12', '28', '100002', 'Habibah', 'R001', 'Lansoprazol', 'Lansoprazol', '25000', '2', 'Tab', '50000', '3x1', 'Abdul Aziz Abu Kafa', '', 'Abdul Aziz Abu Kafa'),
(62, '2022-02-12', '28', '100002', 'Habibah', 'B1010', 'Cek Laboratorium', 'OBSERVASI', '200000', '1', 'kali', '200000', '-', 'Abdul Aziz Abu Kafa', '', 'Abdul Aziz Abu Kafa'),
(63, '2022-02-17', '27', '100004', 'Asep Syamsudin', 'R001', 'Sanmol', 'Paracetamol', '25000', '1', 'Tab', '25000', '3x1', '', '', 'Abdul Aziz Abu Kafa'),
(64, '2022-02-20', '24', '100005', 'Haidar Alfaruq', 'B1001', 'Jasa Dokter', 'RAWAT JALAN', '100000', '1', 'kali', '100000', '-', '', '', 'Abdul Aziz Abu Kafa'),
(66, '2022-02-20', '28', '100002', 'Habibah', 'DISCOUNT', 'Potongan', '-', '0', '', '-', '-200000', '-', 'Abdul Aziz Abu Kafa', '', 'Abdul Aziz Abu Kafa'),
(67, '2022-03-01', '32', '100002', 'Habibah', 'ROBTTAB94', 'Resep Tab TeraF', 'PARACETAMOL650MG GUAIFENESINE50MG PHENYLPROPANOLAMINE15MG CHLORPHENAMINEMALEAT2MG', '700', '20', 'tab', '14000', '3x1', 'Abdul Aziz Abu Kafa', 'Abdul Aziz Abu Kafa', 'Fatimah, S.Tr.Keb'),
(68, '2022-03-01', '32', '100002', 'Habibah', 'ROBTTAB395', 'Resep Tab CaviplexCDEZ', 'VITAMIN', '1800', '10', 'tab', '18000', '1x1', 'Abdul Aziz Abu Kafa', 'Abdul Aziz Abu Kafa', 'Abdul Aziz Abu Kafa'),
(69, '2022-03-01', '32', '100002', 'Habibah', 'LAB060', 'Swab Antigen', 'LABORATORIUM', '99000', '1', 'kali', '99000', 'Negatif', 'Abdul Aziz Abu Kafa', '', 'Aminah Mutmainnah'),
(70, '2022-03-01', '33', '100003', 'Ruqoyah', 'LAB060', 'Swab Antigen', 'LABORATORIUM', '99000', '1', 'kali', '99000', 'Positif', 'Abdul Aziz Abu Kafa', '', 'Abdul Aziz Abu Kafa'),
(71, '2022-03-01', '33', '100003', 'Ruqoyah', 'ROBTTAB94', 'Resep Tab TeraF', 'PARACETAMOL650MG GUAIFENESINE50MG PHENYLPROPANOLAMINE15MG CHLORPHENAMINEMALEAT2MG', '700', '10', 'tab', '7000', '3x1', '', 'Abdul Aziz Abu Kafa', 'Abdul Aziz Abu Kafa'),
(72, '2022-03-01', '34', '100001', 'Ammar Yasar', 'ROBTTAB94', 'Resep Tab TeraF', 'PARACETAMOL650MG GUAIFENESINE50MG PHENYLPROPANOLAMINE15MG CHLORPHENAMINEMALEAT2MG', '700', '110', 'tab', '77000', '3x1', 'Aminah Mutmainnah', 'Fatimah Alfihri', 'Dr. Ibnu Rusydi'),
(73, '2022-03-01', '34', '100001', 'Ammar Yasar', 'ROBTTAB395', 'Resep Tab CaviplexCDEZ', 'VITAMIN', '1800', '1', 'tab', '1800', '3x1', 'Aminah Mutmainnah', 'Fatimah Alfihri', 'Dr. Ibnu Rusydi'),
(74, '2022-03-01', '34', '100001', 'Ammar Yasar', 'JSP0001', 'Jasa Pemeriksaan', 'RAWAT JALAN', '60000', '1', 'kali', '60000', '-', 'Aminah Mutmainnah', '', 'Aminah Mutmainnah'),
(75, '2022-03-01', '35', '100006', 'Santi', 'ROBTTAB395', 'Resep Tab CaviplexCDEZ', 'VITAMIN', '1800', '20', 'tab', '36000', '2x1', 'Aminah Mutmainnah', 'Fatimah Alfihri', 'Dr. Ibnu Rusydi'),
(76, '2022-03-01', '35', '100006', 'Santi', 'ROBTTAB94', 'Resep Tab TeraF', 'PARACETAMOL650MG GUAIFENESINE50MG PHENYLPROPANOLAMINE15MG CHLORPHENAMINEMALEAT2MG', '700', '10', 'tab', '7000', '3x1', 'Aminah Mutmainnah', 'Fatimah Alfihri', 'Dr. Ibnu Rusydi'),
(78, '2022-03-01', '35', '100006', 'Santi', 'JSP0001', 'Jasa Pemeriksaan', 'RAWAT JALAN', '60000', '1', 'kali', '60000', '-', 'Aminah Mutmainnah', '', 'Aminah Mutmainnah');

-- --------------------------------------------------------

--
-- Table structure for table `user`
--

CREATE TABLE `user` (
  `id` int(11) NOT NULL,
  `nama` text NOT NULL,
  `bagian` text NOT NULL,
  `uname` text NOT NULL,
  `pass` text NOT NULL,
  `akses` text NOT NULL,
  `ket` text NOT NULL,
  `poli` varchar(50) NOT NULL
) ENGINE=InnoDB DEFAULT CHARSET=utf8mb4;

--
-- Dumping data for table `user`
--

INSERT INTO `user` (`id`, `nama`, `bagian`, `uname`, `pass`, `akses`, `ket`, `poli`) VALUES
(1, 'Abdul Aziz Abu Kafa', 'Programmer', 'abu.kafa', '$2y$10$RLD/SGe/8zbExi.3JqKwweEXPt5KKuELhcduxXSSMG2G3jiy9vMVu', 'Superuser', 'Application Maintain', '-'),
(40, 'Ramlah Mardiyah', 'RM', 'rm123', '$2y$10$kga1AxPM0fhOlhgXg6detOLOMnetBJcsrLNP0rEpFhp2khIaub7hW', 'User', 'User System Test', '-'),
(41, 'Aminah Mutmainnah', 'Admin', 'adm123', '$2y$10$zVYX0xE0uXZy/S171ec3cOrJzIOAePmNubivCO1RyCKwsFSBVF17y', 'User', 'User System Test', '-'),
(42, 'Dr. Ibnu Rusydi', 'Pemeriksa', 'dok123', '$2y$10$Z6AT/KwnAGvQH50T2B7xW.jNOPEeo5vNJmLNwCEs62no/pdfDfFRe', 'User', 'User System Test', 'Umum'),
(43, 'Fatimah Alfihri', 'Farmasi', 'frm123', '$2y$10$M4Mb.oel9TsimQCHpxmInOnlQ9ZlTiqXz5h4miHeqmwJx7pCgKj6q', 'User', 'User System Test', '-'),
(44, 'Fatimah, S.Tr.Keb', 'Pemeriksa', 'bdn123', '$2y$10$vlCa6ovxahiGPRodGDjj1OE2GxPjTNa0STWq2Krj69Vu19M0jr27a', 'User', 'User System Test', 'KIA'),
(45, 'Adam', 'Pengawas', 'super', '$2y$10$murSEr8KaZ.iGpPYaKZXvevJvOGXY.VWOX.y5feeUfW7yf7veZ/he', 'Superuser', 'User System Test', '-');

--
-- Indexes for dumped tables
--

--
-- Indexes for table `anamnesa`
--
ALTER TABLE `anamnesa`
  ADD PRIMARY KEY (`id_daftar`);

--
-- Indexes for table `biaya`
--
ALTER TABLE `biaya`
  ADD PRIMARY KEY (`id`);

--
-- Indexes for table `daftar`
--
ALTER TABLE `daftar`
  ADD PRIMARY KEY (`id`);

--
-- Indexes for table `icd10`
--
ALTER TABLE `icd10`
  ADD PRIMARY KEY (`id`);

--
-- Indexes for table `keluar`
--
ALTER TABLE `keluar`
  ADD PRIMARY KEY (`id`);

--
-- Indexes for table `masuk`
--
ALTER TABLE `masuk`
  ADD PRIMARY KEY (`id`);

--
-- Indexes for table `obat`
--
ALTER TABLE `obat`
  ADD PRIMARY KEY (`id`);

--
-- Indexes for table `opname`
--
ALTER TABLE `opname`
  ADD PRIMARY KEY (`id`);

--
-- Indexes for table `pasien`
--
ALTER TABLE `pasien`
  ADD PRIMARY KEY (`id`);

--
-- Indexes for table `periksa`
--
ALTER TABLE `periksa`
  ADD PRIMARY KEY (`id_daftar`);

--
-- Indexes for table `tindak`
--
ALTER TABLE `tindak`
  ADD PRIMARY KEY (`id`);

--
-- Indexes for table `user`
--
ALTER TABLE `user`
  ADD PRIMARY KEY (`id`);

--
-- AUTO_INCREMENT for dumped tables
--

--
-- AUTO_INCREMENT for table `daftar`
--
ALTER TABLE `daftar`
  MODIFY `id` int(11) NOT NULL AUTO_INCREMENT, AUTO_INCREMENT=37;
--
-- AUTO_INCREMENT for table `icd10`
--
ALTER TABLE `icd10`
  MODIFY `id` int(11) NOT NULL AUTO_INCREMENT, AUTO_INCREMENT=12301;
--
-- AUTO_INCREMENT for table `keluar`
--
ALTER TABLE `keluar`
  MODIFY `id` int(11) NOT NULL AUTO_INCREMENT, AUTO_INCREMENT=9;
--
-- AUTO_INCREMENT for table `masuk`
--
ALTER TABLE `masuk`
  MODIFY `id` int(11) NOT NULL AUTO_INCREMENT, AUTO_INCREMENT=29;
--
-- AUTO_INCREMENT for table `tindak`
--
ALTER TABLE `tindak`
  MODIFY `id` int(11) NOT NULL AUTO_INCREMENT, AUTO_INCREMENT=79;
--
-- AUTO_INCREMENT for table `user`
--
ALTER TABLE `user`
  MODIFY `id` int(11) NOT NULL AUTO_INCREMENT, AUTO_INCREMENT=46;COMMIT;

/*!40101 SET CHARACTER_SET_CLIENT=@OLD_CHARACTER_SET_CLIENT */;
/*!40101 SET CHARACTER_SET_RESULTS=@OLD_CHARACTER_SET_RESULTS */;
/*!40101 SET COLLATION_CONNECTION=@OLD_COLLATION_CONNECTION */;
